League,Team,Player,MarketValueEUR
Premier League,AFC Bournemouth,Djordje Petrovic,28000000
Premier League,AFC Bournemouth,Fraser Forster,600000
Premier League,AFC Bournemouth,Adrien Truffert,20000000
Premier League,AFC Bournemouth,Marcos Senesi,22000000
Premier League,AFC Bournemouth,Julio Soler,8000000
Premier League,AFC Bournemouth,Adam Smith,500000
Premier League,AFC Bournemouth,Bafodé Diakité,35000000
Premier League,AFC Bournemouth,James Hill,7000000
Premier League,AFC Bournemouth,Matai Akinmboni,1000000
Premier League,AFC Bournemouth,Lewis Cook,13000000
Premier League,AFC Bournemouth,David Brooks,12000000
Premier League,AFC Bournemouth,Alex Scott,30000000
Premier League,AFC Bournemouth,Ryan Christie,9000000
Premier League,AFC Bournemouth,Tyler Adams,25000000
Premier League,AFC Bournemouth,Marcus Tavernier,20000000
Premier League,AFC Bournemouth,Evanilson,40000000
Premier League,AFC Bournemouth,Ben Gannon-Doak,10000000
Premier League,AFC Bournemouth,Justin Kluivert,32000000
Premier League,AFC Bournemouth,Amine Adli,20000000
Premier League,AFC Bournemouth,Junior Kroupi,15000000
Premier League,AFC Bournemouth,Enes Ünal,8000000
Premier League,AFC Bournemouth,Remy Rees-Dottin,300000
Premier League,Arsenal,David Raya,35000000
Premier League,Arsenal,Kepa Arrizabalaga,7000000
Premier League,Arsenal,Alexei Rojas,250000
Premier League,Arsenal,Jack Porter,300000
Premier League,Arsenal,William Saliba,90000000
Premier League,Arsenal,Cristhian Mosquera,35000000
Premier League,Arsenal,Ben White,30000000
Premier League,Arsenal,Piero Hincapié,50000000
Premier League,Arsenal,Jurriën Timber,70000000
Premier League,Arsenal,Riccardo Calafiori,50000000
Premier League,Arsenal,Myles Lewis-Skelly,40000000
Premier League,Arsenal,Martin Ødegaard,75000000
Premier League,Arsenal,Eberechi Eze,65000000
Premier League,Arsenal,Christian Nørgaard,18000000
Premier League,Arsenal,Mikel Merino,30000000
Premier League,Arsenal,Martín Zubimendi,50000000
Premier League,Arsenal,Declan Rice,120000000
Premier League,Arsenal,Bukayo Saka,130000000
Premier League,Arsenal,Gabriel Jesus,20000000
Premier League,Arsenal,Gabriel Martinelli,45000000
Premier League,Arsenal,Viktor Gyökeres,70000000
Premier League,Arsenal,Leandro Trossard,20000000
Premier League,Arsenal,Noni Madueke,50000000
Premier League,Arsenal,Kai Havertz,55000000
Premier League,Aston Villa,Emiliano Martínez,15000000
Premier League,Aston Villa,Marco Bizot,4000000
Premier League,Aston Villa,Matty Cash,22000000
Premier League,Aston Villa,Victor Lindelöf,15000000
Premier League,Aston Villa,Ezri Konsa,35000000
Premier League,Aston Villa,Tyrone Mings,4000000
Premier League,Aston Villa,Lucas Digne,8000000
Premier League,Aston Villa,Pau Torres,25000000
Premier League,Aston Villa,Andrés García,7000000
Premier League,Aston Villa,Ian Maatsen,25000000
Premier League,Aston Villa,Ross Barkley,5000000
Premier League,Aston Villa,John McGinn,15000000
Premier League,Aston Villa,Youri Tielemans,35000000
Premier League,Aston Villa,Emiliano Buendía,18000000
Premier League,Aston Villa,Amadou Onana,42000000
Premier League,Aston Villa,Lamare Bogarde,12000000
Premier League,Aston Villa,Boubacar Kamara,40000000
Premier League,Aston Villa,Ollie Watkins,30000000
Premier League,Aston Villa,Morgan Rogers,70000000
Premier League,Brentford,Caoimhín Kelleher,22000000
Premier League,Brentford,Hákon Valdimarsson,2500000
Premier League,Brentford,Ellery Balcombe,400000
Premier League,Brentford,Aaron Hickey,28000000
Premier League,Brentford,Rico Henry,15000000
Premier League,Brentford,Sepp van den Berg,28000000
Premier League,Brentford,Ethan Pinnock,4000000
Premier League,Brentford,Kristoffer Ajer,16000000
Premier League,Brentford,Nathan Collins,25000000
Premier League,Brentford,Michael Kayode,25000000
Premier League,Brentford,Jordan Henderson,2000000
Premier League,Brentford,Kevin Schade,22000000
Premier League,Brentford,Mathias Jensen,28000000
Premier League,Brentford,Josh Dasilva,10000000
Premier League,Brentford,Fábio Carvalho,14000000
Premier League,Brentford,Antoni Milambo,6000000
Premier League,Brentford,Mikkel Damsgaard,10000000
Premier League,Brentford,Vitaly Janelt,18000000
Premier League,Brentford,Igor Thiago,25000000
Premier League,Brentford,Reiss Nelson,15000000
Premier League,Brentford,Dango Ouattara,35000000
Premier League,Brentford,Keane Lewis-Potter,15000000
Premier League,Brighton & Hove Albion,Carl Rushworth,6000000
Premier League,Brighton & Hove Albion,Bart Verbruggen,35000000
Premier League,Brighton & Hove Albion,Jason Steele,750000
Premier League,Brighton & Hove Albion,Tom McGill,500000
Premier League,Brighton & Hove Albion,Pascal Struijk,18000000
Premier League,Brighton & Hove Albion,Eiran Cashin,7000000
Premier League,Brighton & Hove Albion,Igor Julio,15000000
Premier League,Brighton & Hove Albion,Lewis Dunk,4000000
Premier League,Brighton & Hove Albion,Olivier Boscagli,18000000
Premier League,Brighton & Hove Albion,Maxim De Cuyper,22000000
Premier League,Brighton & Hove Albion,Facundo Buonanotte,18000000
Premier League,Brighton & Hove Albion,Amario Cozier-Duberry,3000000
Premier League,Brighton & Hove Albion,Malick Yalcouyé,14000000
Premier League,Brighton & Hove Albion,Jack Hinshelwood,22000000
Premier League,Brighton & Hove Albion,Carlos Baleba,60000000
Premier League,Brighton & Hove Albion,Kaoru Mitoma,30000000
Premier League,Brighton & Hove Albion,Diego Gómez,25000000
Premier League,Brighton & Hove Albion,Yasin Ayari,30000000
Premier League,Brighton & Hove Albion,Mats Wieffer,25000000
Premier League,Brighton & Hove Albion,Mark O'Mahony,450000
Premier League,Brighton & Hove Albion,Stefanos Tzimas,1800000
Premier League,Brighton & Hove Albion,Georginio Rutter,32000000
Premier League,Brighton & Hove Albion,Yankuba Minteh,40000000
Premier League,Brighton & Hove Albion,Danny Welbeck,4000000
Premier League,Chelsea,Robert Sánchez,22000000
Premier League,Chelsea,Filip Jørgensen,15000000
Premier League,Chelsea,Teddy Sharman-Lowe,300000
Premier League,Chelsea,Tosin Adarabioyo,20000000
Premier League,Chelsea,Benoît Badiashile,18000000
Premier League,Chelsea,Levi Colwill,50000000
Premier League,Chelsea,Mamadou Sarr,25000000
Premier League,Chelsea,Jorrel Hato,35000000
Premier League,Chelsea,Trevoh Chalobah,35000000
Premier League,Chelsea,Reece James,50000000
Premier League,Chelsea,Malo Gusto,35000000
Premier League,Chelsea,Wesley Fofana,28000000
Premier League,Chelsea,Josh Acheampong,20000000
Premier League,Chelsea,Enzo Fernández,85000000
Premier League,Chelsea,Cole Palmer,120000000
Premier League,Chelsea,Dário Essugo,3500000
Premier League,Chelsea,Andrey Santos,40000000
Premier League,Chelsea,Moisés Caicedo,110000000
Premier League,Chelsea,Romeo Lavia,30000000
Premier League,Chelsea,Reggie Walsh,500000
Premier League,Chelsea,Ollie Harrison,300000
Premier League,Chelsea,Pedro Neto,60000000
Premier League,Chelsea,Liam Delap,7000000
Premier League,Chelsea,Jamie Gittens,40000000
Premier League,Chelsea,João Pedro,65000000
Premier League,Chelsea,Marc Guiu,7500000
Premier League,Chelsea,Alejandro Garnacho,45000000
Premier League,Coventry City,Bobby Thomas,2000000
Premier League,Coventry City,Luke Woolfenden,2000000
Premier League,Coventry City,Frank Onyeka,7000000
Premier League,Coventry City,Matt Grimes,7000000
Premier League,Coventry City,Ellis Simms,6000000
Premier League,Crystal Palace,Dean Henderson,28000000
Premier League,Crystal Palace,Remi Matthews,300000
Premier League,Crystal Palace,Walter Benítez,5000000
Premier League,Crystal Palace,Tayo Adaramola,800000
Premier League,Crystal Palace,Daniel Muñoz,27000000
Premier League,Crystal Palace,Tyrick Mitchell,25000000
Premier League,Crystal Palace,Maxence Lacroix,35000000
Premier League,Crystal Palace,Nathaniel Clyne,1500000
Premier League,Crystal Palace,Jaydee Canvot,20000000
Premier League,Crystal Palace,Borna Sosa,4000000
Premier League,Crystal Palace,Chris Richards,25000000
Premier League,Crystal Palace,David Ozoh,1000000
Premier League,Crystal Palace,Romain Esse,10000000
Premier League,Crystal Palace,Jefferson Lerma,8000000
Premier League,Crystal Palace,Daichi Kamada,12000000
Premier League,Crystal Palace,Will Hughes,6000000
Premier League,Crystal Palace,Adam Wharton,60000000
Premier League,Crystal Palace,Justin Devenny,8000000
Premier League,Crystal Palace,Ismaïla Sarr,35000000
Premier League,Crystal Palace,Eddie Nketiah,16000000
Premier League,Crystal Palace,Brennan Johnson,48000000
Premier League,Crystal Palace,Jean-Philippe Mateta,40000000
Premier League,Crystal Palace,Jørgen Strand Larsen,40000000
Premier League,Everton,Jordan Pickford,15000000
Premier League,Everton,Mark Travers,4000000
Premier League,Everton,Tom King,150000
Premier League,Everton,Nathan Patterson,10000000
Premier League,Everton,Michael Keane,4000000
Premier League,Everton,James Tarkowski,7000000
Premier League,Everton,Jake O'Brien,16000000
Premier League,Everton,Vitaliy Mykolenko,25000000
Premier League,Everton,Seamus Coleman,300000
Premier League,Everton,Jarrad Branthwaite,45000000
Premier League,Everton,Adam Aznou,7000000
Premier League,Everton,Reece Welch,250000
Premier League,Everton,Jack Grealish,25000000
Premier League,Everton,Tyler Dibling,30000000
Premier League,Everton,Kiernan Dewsbury-Hall,28000000
Premier League,Everton,Carlos Alcaraz,15000000
Premier League,Everton,Idrissa Gueye,1000000
Premier League,Everton,Merlin Röhl,16000000
Premier League,Everton,James Garner,25000000
Premier League,Everton,Tim Iroegbunam,12000000
Premier League,Everton,Harrison Armstrong,1200000
Premier League,Everton,Dwight McNeil,20000000
Premier League,Everton,Beto,20000000
Premier League,Everton,Iliman Ndiaye,45000000
Premier League,Everton,Tyrique George,22000000
Premier League,Fulham,Bernd Leno,8000000
Premier League,Fulham,Benjamin Lecomte,3500000
Premier League,Fulham,Kenny Tete,11000000
Premier League,Fulham,Calvin Bassey,28000000
Premier League,Fulham,Joachim Andersen,25000000
Premier League,Fulham,Jorge Cuenca,4000000
Premier League,Fulham,Timothy Castagne,10000000
Premier League,Fulham,Issa Diop,10000000
Premier League,Fulham,Antonee Robinson,30000000
Premier League,Fulham,Luke Harris,1000000
Premier League,Fulham,Harrison Reed,3000000
Premier League,Fulham,Tom Cairney,750000
Premier League,Fulham,Oscar Bobb,25000000
Premier League,Fulham,Sander Berge,25000000
Premier League,Fulham,Alex Iwobi,25000000
Premier League,Fulham,Sasa Lukic,12000000
Premier League,Fulham,Josh King,20000000
Premier League,Fulham,Ryan Sessegnon,20000000
Premier League,Fulham,Emile Smith Rowe,22000000
Premier League,Fulham,Jonah Kusi-Asare,4000000
Premier League,Fulham,Harry Wilson,20000000
Premier League,Fulham,Rodrigo Muniz,20000000
Premier League,Middlesbrough,Matt Targett,3500000
Premier League,Middlesbrough,Alfie Jones,2500000
Premier League,Middlesbrough,Dael Fry,5000000
Premier League,Middlesbrough,Luke Ayling,1800000
Premier League,Middlesbrough,Finley Munroe,100000
Premier League,Middlesbrough,Riley McGree,4000000
Premier League,Middlesbrough,Leo Castledine,900000
Premier League,Middlesbrough,David Strelec,1100000
Premier League,Middlesbrough,Alex Gilbert,100000
Premier League,Middlesbrough,Micah Hamilton,2000000
Premier League,Leeds United,Lucas Perri,6000000
Premier League,Leeds United,Karl Darlow,1000000
Premier League,Leeds United,Jayden Bogle,3800000
Premier League,Leeds United,Gabriel Gudmundsson,15000000
Premier League,Leeds United,Joe Rodon,8000000
Premier League,Leeds United,Jaka Bijol,18000000
Premier League,Leeds United,Sebastiaan Bornauw,5000000
Premier League,Leeds United,James Justin,12000000
Premier League,Leeds United,Sam Byram,1000000
Premier League,Leeds United,Ethan Ampadu,12000000
Premier League,Leeds United,Daniel James,12000000
Premier League,Leeds United,Sean Longstaff,18000000
Premier League,Leeds United,Brenden Aaronson,12000000
Premier League,Leeds United,Anton Stach,20000000
Premier League,Leeds United,Ilia Gruev,5000000
Premier League,Leeds United,Jack Harrison,10000000
Premier League,Leeds United,Joe Gelhardt,7000000
Premier League,Leeds United,Largie Ramazani,5000000
Premier League,Leeds United,Dominic Calvert-Lewin,15000000
Premier League,Leeds United,Joël Piroe,12000000
Premier League,Leeds United,Lukas Nmecha,8000000
Premier League,Leeds United,Noah Okafor,18000000
Premier League,Leeds United,Wilfried Gnonto,18000000
Premier League,Liverpool,Giorgi Mamardashvili,28000000
Premier League,Liverpool,Freddie Woodman,5000000
Premier League,Liverpool,Harvey Davies,300000
Premier League,Liverpool,Joe Gomez,15000000
Premier League,Liverpool,Virgil van Dijk,18000000
Premier League,Liverpool,Ibrahima Konaté,45000000
Premier League,Liverpool,Milos Kerkez,40000000
Premier League,Liverpool,Conor Bradley,30000000
Premier League,Liverpool,Jeremie Frimpong,38000000
Premier League,Liverpool,Rhys Williams,1800000
Premier League,Liverpool,Calvin Ramsay,4000000
Premier League,Liverpool,Amara Nallo,1000000
Premier League,Liverpool,Wataru Endo,5000000
Premier League,Liverpool,Florian Wirtz,110000000
Premier League,Liverpool,Dominik Szoboszlai,85000000
Premier League,Liverpool,Alexis Mac Allister,85000000
Premier League,Liverpool,Curtis Jones,40000000
Premier League,Liverpool,Ryan Gravenberch,90000000
Premier League,Liverpool,Trey Nyoni,6000000
Premier League,Liverpool,Stefan Bajcetic,7000000
Premier League,Liverpool,James McConnell,2000000
Premier League,Liverpool,Alexander Isak,120000000
Premier League,Liverpool,Mohamed Salah,30000000
Premier League,Liverpool,Federico Chiesa,18000000
Premier League,Liverpool,Cody Gakpo,70000000
Premier League,Liverpool,Hugo Ekitike,85000000
Premier League,Liverpool,Kaide Gordon,1200000
Premier League,Liverpool,Rio Ngumoha,15000000
Premier League,Liverpool,Jayden Danns,800000
Premier League,Manchester City,James Trafford,18000000
Premier League,Manchester City,Marcus Bettinelli,500000
Premier League,Manchester City,Gianluigi Donnarumma,45000000
Premier League,Manchester City,Rúben Dias,60000000
Premier League,Manchester City,John Stones,18000000
Premier League,Manchester City,Nathan Aké,18000000
Premier League,Manchester City,Marc Guéhi,55000000
Premier League,Manchester City,Rayan Aït-Nouri,40000000
Premier League,Manchester City,Josko Gvardiol,70000000
Premier League,Manchester City,Nico O'Reilly,40000000
Premier League,Manchester City,Abdukodir Khusanov,35000000
Premier League,Manchester City,Max Alleyne,800000
Premier League,Manchester City,Rico Lewis,35000000
Premier League,Manchester City,Tijjani Reijnders,65000000
Premier League,Manchester City,Mateo Kovacic,15000000
Premier League,Manchester City,Rayan Cherki,50000000
Premier League,Manchester City,Nico González,45000000
Premier League,Manchester City,Rodri,75000000
Premier League,Manchester City,Bernardo Silva,27000000
Premier League,Manchester City,Matheus Nunes,38000000
Premier League,Manchester City,Phil Foden,150000000
Premier League,Manchester City,Omar Marmoush,65000000
Premier League,Manchester City,Erling Haaland,200000000
Premier League,Manchester City,Jérémy Doku,65000000
Premier League,Manchester City,Savinho,45000000
Premier League,Manchester City,Antoine Semenyo,65000000
Premier League,Manchester United,Tom Heaton,150000
Premier League,Manchester United,Diogo Dalot,28000000
Premier League,Manchester United,Noussair Mazraoui,22000000
Premier League,Manchester United,Matthijs de Ligt,65000000
Premier League,Manchester United,Harry Maguire,18000000
Premier League,Manchester United,Lisandro Martínez,50000000
Premier League,Manchester United,Tyrell Malacia,5000000
Premier League,Manchester United,Patrick Dorgu,30000000
Premier League,Manchester United,Leny Yoro,55000000
Premier League,Manchester United,Luke Shaw,10000000
Premier League,Manchester United,Ayden Heaven,10000000
Premier League,Manchester United,Tyler Fredricson,250000
Premier League,Manchester United,Mason Mount,32000000
Premier League,Manchester United,Bruno Fernandes,40000000
Premier League,Manchester United,Casemiro,8000000
Premier League,Manchester United,Manuel Ugarte,30000000
Premier League,Manchester United,Kobbie Mainoo,40000000
Premier League,Manchester United,Jack Fletcher,1000000
Premier League,Manchester United,Jack Moorhouse,100000
Premier League,Manchester United,Matheus Cunha,45000000
Premier League,Manchester United,Joshua Zirkzee,25000000
Premier League,Manchester United,Amad Diallo,50000000
Premier League,Manchester United,Bryan Mbeumo,40000000
Premier League,Manchester United,Benjamin Sesko,50000000
Premier League,Manchester United,Chido Obi,5000000
Premier League,Manchester United,Bendito Mantato,400000
Premier League,Newcastle United,Nick Pope,7000000
Premier League,Newcastle United,John Ruddy,100000
Premier League,Newcastle United,Mark Gillespie,150000
Premier League,Newcastle United,Aaron Ramsdale,12000000
Premier League,Newcastle United,Aidan Harris,200000
Premier League,Newcastle United,Adam Harrison,100000
Premier League,Newcastle United,Kieran Trippier,2500000
Premier League,Newcastle United,Lewis Hall,32000000
Premier League,Newcastle United,Sven Botman,35000000
Premier League,Newcastle United,Fabian Schär,6000000
Premier League,Newcastle United,Malick Thiaw,25000000
Premier League,Newcastle United,Emil Krafth,1500000
Premier League,Newcastle United,Tino Livramento,40000000
Premier League,Newcastle United,Dan Burn,5000000
Premier League,Newcastle United,Alex Murphy,300000
Premier League,Newcastle United,Joelinton,30000000
Premier League,Newcastle United,Sandro Tonali,75000000
Premier League,Newcastle United,Harvey Barnes,32000000
Premier League,Newcastle United,Jacob Murphy,15000000
Premier League,Newcastle United,Joe Willock,16000000
Premier League,Newcastle United,Bruno Guimarães,75000000
Premier League,Newcastle United,Jacob Ramsey,35000000
Premier League,Newcastle United,Lewis Miley,20000000
Premier League,Newcastle United,Yoane Wissa,28000000
Premier League,Newcastle United,Anthony Gordon,60000000
Premier League,Newcastle United,William Osula,3000000
Premier League,Newcastle United,Anthony Elanga,50000000
Premier League,Newcastle United,Nick Woltemade,70000000
Premier League,Nottingham Forest,Matz Sels,6000000
Premier League,Nottingham Forest,Tyler Bindon,1500000
Premier League,Nottingham Forest,Neco Williams,17000000
Premier League,Nottingham Forest,Morato,14000000
Premier League,Nottingham Forest,Murillo,55000000
Premier League,Nottingham Forest,Nikola Milenkovic,30000000
Premier League,Nottingham Forest,Ola Aina,20000000
Premier League,Nottingham Forest,Nicolò Savona,15000000
Premier League,Nottingham Forest,Zach Abbott,300000
Premier League,Nottingham Forest,Ibrahim Sangaré,22000000
Premier League,Nottingham Forest,Morgan Gibbs-White,65000000
Premier League,Nottingham Forest,Nicolás Domínguez,16000000
Premier League,Nottingham Forest,Ryan Yates,10000000
Premier League,Nottingham Forest,James McAtee,23000000
Premier League,Nottingham Forest,Callum Hudson-Odoi,30000000
Premier League,Nottingham Forest,Taiwo Awoniyi,12000000
Premier League,Nottingham Forest,Chris Wood,8000000
Premier League,Nottingham Forest,Dan Ndoye,40000000
Premier League,Nottingham Forest,Omari Hutchinson,30000000
Premier League,Sunderland,Simon Moore,300000
Premier League,Sunderland,Robin Roefs,600000
Premier League,Sunderland,Dennis Cirkin,2200000
Premier League,Sunderland,Omar Alderete,12000000
Premier League,Sunderland,Reinildo Mandava,5000000
Premier League,Sunderland,Nordi Mukiele,15000000
Premier League,Sunderland,Habib Diarra,32000000
Premier League,Sunderland,Noah Sadiki,5000000
Premier League,Sunderland,Enzo Le Fée,20000000
Premier League,Sunderland,Granit Xhaka,10000000
Premier League,Sunderland,Chemsdine Talbi,22000000
Premier League,Sunderland,Brian Brobbey,20000000
Premier League,Sunderland,Eliezer Mayenda,700000
Premier League,Sunderland,Romaine Mundle,1500000
Premier League,Sunderland,Wilson Isidor,18000000
Premier League,Sunderland,Bertrand Traoré,5000000
Premier League,Sunderland,Ahmed Abdullahi,1000000
Premier League,Tottenham Hotspur,Guglielmo Vicario,30000000
Premier League,Tottenham Hotspur,Antonín Kinsky,13000000
Premier League,Tottenham Hotspur,Brandon Austin,500000
Premier League,Tottenham Hotspur,Radu Dragusin,25000000
Premier League,Tottenham Hotspur,Kevin Danso,22000000
Premier League,Tottenham Hotspur,Destiny Udogie,40000000
Premier League,Tottenham Hotspur,Cristian Romero,60000000
Premier League,Tottenham Hotspur,Pedro Porro,40000000
Premier League,Tottenham Hotspur,Djed Spence,8000000
Premier League,Tottenham Hotspur,Ben Davies,10000000
Premier League,Tottenham Hotspur,Micky van de Ven,55000000
Premier League,Tottenham Hotspur,João Palhinha,25000000
Premier League,Tottenham Hotspur,Yves Bissouma,15000000
Premier League,Tottenham Hotspur,James Maddison,30000000
Premier League,Tottenham Hotspur,Archie Gray,6000000
Premier League,Tottenham Hotspur,Lucas Bergvall,40000000
Premier League,Tottenham Hotspur,Mohammed Kudus,55000000
Premier League,Tottenham Hotspur,Dejan Kulusevski,45000000
Premier League,Tottenham Hotspur,Conor Gallagher,35000000
Premier League,Tottenham Hotspur,Pape Matar Sarr,35000000
Premier League,Tottenham Hotspur,Rodrigo Bentancur,27000000
Premier League,Tottenham Hotspur,Callum Olusesi,500000
Premier League,Tottenham Hotspur,Richarlison,28000000
Premier League,Tottenham Hotspur,Mathys Tel,30000000
Premier League,Tottenham Hotspur,Dominic Solanke,40000000
Premier League,Tottenham Hotspur,Wilson Odobert,22000000
Premier League,Tottenham Hotspur,Randal Kolo Muani,25000000
Premier League,Tottenham Hotspur,James Wilson,1200000
La Liga,Alaves,Antonio Sivera,6000000
La Liga,Alaves,Raúl Fernández,200000
La Liga,Alaves,Grégoire Swiderski,150000
La Liga,Alaves,Jon Pacheco,5000000
La Liga,Alaves,Nahuel Tenaglia,3000000
La Liga,Alaves,Victor Parada,200000
La Liga,Alaves,Egoitz Muñoz,200000
La Liga,Alaves,Denis Suárez,1500000
La Liga,Alaves,Ander Guevara,5000000
La Liga,Alaves,Antonio Blanco,10000000
La Liga,Alaves,Carles Aleñá,3000000
La Liga,Alaves,Jon Guridi,4000000
La Liga,Alaves,Pablo Ibáñez,3000000
La Liga,Alaves,Carlos Protesoni,1000000
La Liga,Alaves,Toni Martínez,5000000
La Liga,Alaves,Lucas Boyé,7000000
La Liga,Alaves,Abde Rebbach,1500000
La Liga,Atletico Madrid,Juan Musso,5000000
La Liga,Atletico Madrid,Jan Oblak,17000000
La Liga,Atletico Madrid,Mario de Luis,400000
La Liga,Atletico Madrid,José María Giménez,22000000
La Liga,Atletico Madrid,Matteo Ruggeri,15000000
La Liga,Atletico Madrid,Clément Lenglet,10000000
La Liga,Atletico Madrid,Nahuel Molina,15000000
La Liga,Atletico Madrid,Dávid Hancko,30000000
La Liga,Atletico Madrid,Marc Pubill,4000000
La Liga,Atletico Madrid,Robin Le Normand,40000000
La Liga,Atletico Madrid,Ilias Kostis,500000
La Liga,Atletico Madrid,Javier Boñar,500000
La Liga,Atletico Madrid,Gerónimo Spina,200000
La Liga,Atletico Madrid,Johnny Cardoso,25000000
La Liga,Atletico Madrid,Koke,7000000
La Liga,Atletico Madrid,Pablo Barrios,60000000
La Liga,Atletico Madrid,Álex Baena,40000000
La Liga,Atletico Madrid,Thiago Almada,20000000
La Liga,Atletico Madrid,Marcos Llorente,22000000
La Liga,Atletico Madrid,Antoine Griezmann,11000000
La Liga,Atletico Madrid,Alexander Sørloth,20000000
La Liga,Atletico Madrid,Julián Álvarez,100000000
La Liga,Atletico Madrid,Giuliano Simeone,40000000
La Liga,Atletico Madrid,Rayane Belaid,600000
La Liga,Barcelona,Joan García,30000000
La Liga,Barcelona,Wojciech Szczesny,6000000
La Liga,Barcelona,Diego Kochen,100000
La Liga,Barcelona,Alejandro Balde,60000000
La Liga,Barcelona,Ronald Araújo,70000000
La Liga,Barcelona,Pau Cubarsí,30000000
La Liga,Barcelona,Andreas Christensen,40000000
La Liga,Barcelona,Jules Koundé,45000000
La Liga,Barcelona,Eric García,20000000
La Liga,Barcelona,Gavi,40000000
La Liga,Barcelona,Pedri,80000000
La Liga,Barcelona,Fermín López,30000000
La Liga,Barcelona,Marc Casadó,2500000
La Liga,Barcelona,Dani Olmo,60000000
La Liga,Barcelona,Frenkie de Jong,70000000
La Liga,Barcelona,Guille Fernández,3000000
La Liga,Barcelona,Juan Hernández,400000
La Liga,Barcelona,Ferran Torres,30000000
La Liga,Barcelona,Robert Lewandowski,15000000
La Liga,Barcelona,Lamine Yamal,120000000
La Liga,Barcelona,Raphinha,50000000
La Liga,Barcelona,Marcus Rashford,40000000
La Liga,Barcelona,Roony Bardghji,10000000
La Liga,Celta Vigo,Iván Villar,1200000
La Liga,Celta Vigo,Marc Vidal,300000
La Liga,Celta Vigo,Carl Starfelt,6000000
La Liga,Celta Vigo,Óscar Mingueza,8000000
La Liga,Celta Vigo,Joseph Aidoo,4000000
La Liga,Celta Vigo,Sergio Carreira,1500000
La Liga,Celta Vigo,Javi Rueda,250000
La Liga,Celta Vigo,Marcos Alonso,2000000
La Liga,Celta Vigo,Mihailo Ristic,1000000
La Liga,Celta Vigo,Carlos Domínguez,3000000
La Liga,Celta Vigo,Yoel Lago,200000
La Liga,Celta Vigo,Javi Rodríguez,15000000
La Liga,Celta Vigo,Ilaix Moriba,3000000
La Liga,Celta Vigo,Franco Cervi,1500000
La Liga,Celta Vigo,Williot Swedberg,5000000
La Liga,Celta Vigo,Hugo Sotelo,9000000
La Liga,Celta Vigo,Hugo Álvarez,1500000
La Liga,Celta Vigo,Borja Iglesias,5000000
La Liga,Celta Vigo,Ferran Jutglà,7500000
La Liga,Celta Vigo,Iago Aspas,1800000
La Liga,Celta Vigo,Pablo Durán,250000
La Liga,Celta Vigo,Hugo Gonzalez,300000
La Liga,Elche,Matías Dituro,300000
La Liga,Elche,Iñaki Peña,8000000
La Liga,Elche,Alejandro Iturbe,2000000
La Liga,Elche,Adrià Pedrosa,4000000
La Liga,Elche,Pedro Bigas,1000000
La Liga,Elche,John Donald,1000000
La Liga,Elche,Léo Pétrot,1500000
La Liga,Elche,Víctor Chust,2000000
La Liga,Elche,Héctor Fort,10000000
La Liga,Elche,Aleix Febas,1500000
La Liga,Elche,Martim Neto,5000000
La Liga,Elche,Josan,1000000
La Liga,Elche,André Silva,6000000
La Liga,Elche,Rafa Mir,2500000
La Liga,Elche,Germán Valera,5000000
La Liga,Elche,Grady Diangana,4500000
La Liga,Elche,Álvaro Rodríguez,4000000
La Liga,Getafe,Jirí Letácek,2000000
La Liga,Getafe,David Soria,3000000
La Liga,Getafe,Jorge Benito,25000
La Liga,Getafe,Diego Ferrer,50000
La Liga,Getafe,Abdel Abqar,7500000
La Liga,Getafe,Allan Nyom,200000
La Liga,Getafe,Diego Rico,1200000
La Liga,Getafe,Kiko Femenía,1400000
La Liga,Getafe,Juan Iglesias,5000000
La Liga,Getafe,Domingos Duarte,800000
La Liga,Getafe,Ismael Bekhoucha,300000
La Liga,Getafe,Tito,325000
La Liga,Getafe,Luis Milla,3500000
La Liga,Getafe,Mario Martín,300000
La Liga,Getafe,Mauro Arambarri,10000000
La Liga,Getafe,Javi Muñoz,1500000
La Liga,Getafe,Veljko Birmancevic,3000000
La Liga,Getafe,Alberto Risco,200000
La Liga,Getafe,Hugo Solozabal,50000
La Liga,Getafe,Juanmi,1200000
La Liga,Getafe,Borja Mayoral,7500000
La Liga,Getafe,Martín Satriano,6000000
La Liga,Getafe,Joselu Pérez,100000
La Liga,Getafe,Yassin Tallal,50000
La Liga,Girona,Juan Carlos,200000
La Liga,Girona,Paulo Gazzaniga,2000000
La Liga,Girona,Marc-André ter Stegen,28000000
La Liga,Girona,Vladyslav Krapyvtsov,400000
La Liga,Girona,Hugo Rincón,250000
La Liga,Girona,Arnau Martínez,10000000
La Liga,Girona,David López,2500000
La Liga,Girona,Vitor Reis,30000000
La Liga,Girona,Daley Blind,1400000
La Liga,Girona,Álex Moreno,3500000
La Liga,Girona,Joel Roca,5000000
La Liga,Girona,Donny van de Beek,2000000
La Liga,Girona,Fran Beltrán,6000000
La Liga,Girona,Thomas Lemar,2000000
La Liga,Girona,Azzedine Ounahi,10000000
La Liga,Girona,Axel Witsel,1400000
La Liga,Girona,Iván Martín,6000000
La Liga,Girona,Ricard Artero,200000
La Liga,Girona,Portu,1500000
La Liga,Girona,Cristhian Stuani,900000
La Liga,Girona,Abel Ruiz,3000000
La Liga,Girona,Viktor Tsygankov,15000000
La Liga,Girona,Vladyslav Vanat,15000000
La Liga,Girona,Bryan Gil,12000000
La Liga,Girona,Juan Arango,50000
La Liga,Levante,Mathew Ryan,2000000
La Liga,Levante,Matías Moreno,4000000
La Liga,Levante,Alan Matturro,4000000
La Liga,Levante,Diego Pampín,700000
La Liga,Levante,Víctor García,400000
La Liga,Levante,Jeremy Toljan,3500000
La Liga,Levante,Manu Sánchez,8000000
La Liga,Levante,Jon Ander Olasagasti,1200000
La Liga,Levante,Pablo Martínez,1200000
La Liga,Levante,Unai Vencedor,5000000
La Liga,Levante,Ugo Raghouber,3000000
La Liga,Levante,Carlos Álvarez,400000
La Liga,Levante,Iván Romero,800000
La Liga,Levante,José Luis Morales,1500000
La Liga,Levante,Iker Losada,500000
La Liga,Mallorca,Leo Román,5000000
La Liga,Mallorca,Lucas Bergstrom,1500000
La Liga,Mallorca,Iván Cuéllar,100000
La Liga,Mallorca,Mateu Morey,1500000
La Liga,Mallorca,Toni Lato,1500000
La Liga,Mallorca,Marash Kumbulla,4500000
La Liga,Mallorca,Antonio Raíllo,1500000
La Liga,Mallorca,Johan Mojica,1800000
La Liga,Mallorca,Pablo Maffeo,5000000
La Liga,Mallorca,Martin Valjent,4500000
La Liga,Mallorca,Iliesse Salhi,50000
La Liga,Mallorca,Omar Mascarell,800000
La Liga,Mallorca,Antonio Sánchez,2400000
La Liga,Mallorca,Manu Morlanes,2400000
La Liga,Mallorca,Sergi Darder,3500000
La Liga,Mallorca,Samú Costa,15000000
La Liga,Mallorca,Pablo Torre,3000000
La Liga,Mallorca,Jan Salas,500000
La Liga,Mallorca,Vedat Muriqi,4500000
La Liga,Mallorca,Abdón Prats,900000
La Liga,Mallorca,Takuma Asano,1800000
La Liga,Mallorca,Zito Luvumbo,7500000
La Liga,Mallorca,Mateo Joseph,900000
La Liga,Mallorca,Javi Llabrés,800000
La Liga,Osasuna,Jorge Herrando,3500000
La Liga,Osasuna,Valentin Rosier,3000000
La Liga,Osasuna,Javi Galán,3500000
La Liga,Osasuna,Enzo Boyomo,20000000
La Liga,Osasuna,Abel Bretones,4500000
La Liga,Osasuna,Alejandro Catena,2800000
La Liga,Osasuna,Iñigo Arguibide,500000
La Liga,Osasuna,Lucas Torró,2800000
La Liga,Osasuna,Jon Moncayola,7000000
La Liga,Osasuna,Iker Muñoz,2000000
La Liga,Osasuna,Aimar Oroz,9000000
La Liga,Osasuna,Rubén García,1800000
La Liga,Osasuna,Jon García,300000
La Liga,Osasuna,Asier Osambela,1000000
La Liga,Osasuna,Iker Benito,1500000
La Liga,Osasuna,Moi Gómez,1800000
La Liga,Osasuna,Ante Budimir,3000000
La Liga,Osasuna,Raúl Moro,2500000
La Liga,Osasuna,Roberto Arroyo,300000
La Liga,Real Madrid,Thibaut Courtois,28000000
La Liga,Real Madrid,Andriy Lunin,25000000
La Liga,Real Madrid,Sergio Mestre,50000
La Liga,Real Madrid,Éder Militão,60000000
La Liga,Real Madrid,David Alaba,20000000
La Liga,Real Madrid,Trent Alexander-Arnold,70000000
La Liga,Real Madrid,Álvaro Carreras,60000000
La Liga,Real Madrid,Fran García,15000000
La Liga,Real Madrid,Antonio Rüdiger,25000000
La Liga,Real Madrid,Ferland Mendy,22000000
La Liga,Real Madrid,Dean Huijsen,10000000
La Liga,Real Madrid,David Jiménez,3000000
La Liga,Real Madrid,Jude Bellingham,160000000
La Liga,Real Madrid,Eduardo Camavinga,50000000
La Liga,Real Madrid,Federico Valverde,120000000
La Liga,Real Madrid,Aurélien Tchouaméni,100000000
La Liga,Real Madrid,Arda Güler,45000000
La Liga,Real Madrid,Dani Ceballos,6000000
La Liga,Real Madrid,Brahim Díaz,40000000
La Liga,Real Madrid,Vinícius Júnior,180000000
La Liga,Real Madrid,Kylian Mbappé,180000000
La Liga,Real Madrid,Rodrygo,110000000
La Liga,Real Madrid,Gonzalo García,1000000
La Liga,Real Oviedo,Horatiu Moldovan,2000000
La Liga,Real Oviedo,Aarón Escandell,1000000
La Liga,Real Oviedo,Eric Bailly,1500000
La Liga,Real Oviedo,David Costas,1500000
La Liga,Real Oviedo,Dani Calvo,1500000
La Liga,Real Oviedo,David Carmo,10000000
La Liga,Real Oviedo,Nacho Vidal,1600000
La Liga,Real Oviedo,Javi López,5000000
La Liga,Real Oviedo,Kwasi Sibo,300000
La Liga,Real Oviedo,Santi Cazorla,500000
La Liga,Real Oviedo,Santiago Colombatto,4000000
La Liga,Real Oviedo,Leander Dendoncker,4000000
La Liga,Real Oviedo,Luka Ilic,2000000
La Liga,Real Oviedo,Haissem Hassan,1500000
La Liga,Real Oviedo,Ovie Ejaria,2000000
La Liga,Real Oviedo,Alex Fores,1500000
La Liga,Real Sociedad,Álex Remiro,14000000
La Liga,Real Sociedad,Unai Marrero,600000
La Liga,Real Sociedad,Aitor Fraga,500000
La Liga,Real Sociedad,Javi López,5000000
La Liga,Real Sociedad,Jon Pacheco,5000000
La Liga,Real Sociedad,Jon Aramburu,5000000
La Liga,Real Sociedad,Aihen Muñoz,8000000
La Liga,Real Sociedad,Igor Zubeldia,9000000
La Liga,Real Sociedad,Álvaro Odriozola,800000
La Liga,Real Sociedad,Jon Martín,10000000
La Liga,Real Sociedad,Iñaki Rupérez,300000
La Liga,Real Sociedad,Luken Beitia,300000
La Liga,Real Sociedad,Mikel Goti,1500000
La Liga,Real Sociedad,Beñat Turrientes,8000000
La Liga,Real Sociedad,Yangel Herrera,9000000
La Liga,Real Sociedad,Pablo Marín,1500000
La Liga,Real Sociedad,Carlos Soler,8000000
La Liga,Real Sociedad,Arsen Zakharyan,18000000
La Liga,Real Sociedad,Brais Méndez,40000000
La Liga,Real Sociedad,Luka Sucic,10000000
La Liga,Real Sociedad,Carlos Fernández,1500000
La Liga,Real Sociedad,Ander Barrenetxea,20000000
La Liga,Real Sociedad,Orri Óskarsson,12000000
La Liga,Real Sociedad,Mikel Oyarzabal,25000000
La Liga,Real Sociedad,Gonçalo Guedes,6000000
La Liga,Real Sociedad,Takefusa Kubo,30000000
La Liga,Real Sociedad,Sergio Gómez,15000000
La Liga,Real Sociedad,Jon Karrikaburu,2500000
La Liga,Real Sociedad,Arkaitz Mariezkurrena,800000
La Liga,Real Sociedad,Alex Marchal,800000
La Liga,Sevilla,Ørjan Nyland,900000
La Liga,Sevilla,Alberto Flores,300000
La Liga,Sevilla,José Ángel Carmona,12000000
La Liga,Sevilla,César Azpilicueta,1200000
La Liga,Sevilla,Tanguy Nianzou,1400000
La Liga,Sevilla,Gabriel Suazo,7000000
La Liga,Sevilla,Fábio Cardoso,3500000
La Liga,Sevilla,Federico Gattoni,3500000
La Liga,Sevilla,Marcão,2500000
La Liga,Sevilla,Oso,200000
La Liga,Sevilla,Nemanja Gudelj,2500000
La Liga,Sevilla,Joan Jordán,3500000
La Liga,Sevilla,Rubén Vargas,9000000
La Liga,Sevilla,Juanlu Sanchez,15000000
La Liga,Sevilla,Lucien Agoumé,6000000
La Liga,Sevilla,Batista Mendy,10000000
La Liga,Sevilla,Djibril Sow,9000000
La Liga,Sevilla,Adnan Januzaj,1200000
La Liga,Sevilla,Manu Bueno,1500000
La Liga,Sevilla,Isaac Romero,18000000
La Liga,Sevilla,Akor Adams,10000000
La Liga,Sevilla,Alexis Sánchez,1400000
La Liga,Sevilla,Peque Fernández,3500000
La Liga,Sevilla,Chidera Ejuke,6000000
La Liga,Villarreal,Luiz Júnior,6000000
La Liga,Villarreal,Diego Conde,500000
La Liga,Villarreal,Arnau Tenas,4000000
La Liga,Villarreal,Logan Costa,18000000
La Liga,Villarreal,Rafa Marín,12000000
La Liga,Villarreal,Willy Kambwala,4000000
La Liga,Villarreal,Pau Navarro,5000000
La Liga,Villarreal,Juan Foyth,15000000
La Liga,Villarreal,Santiago Mouriño,10000000
La Liga,Villarreal,Sergi Cardona,10000000
La Liga,Villarreal,Alfonso Pedraza,2500000
La Liga,Villarreal,Jean Ives Valou,300000
La Liga,Villarreal,Dani Parejo,2500000
La Liga,Villarreal,Renato Veiga,25000000
La Liga,Villarreal,Santi Comesaña,6000000
La Liga,Villarreal,Thomas Partey,5000000
La Liga,Villarreal,Pape Gueye,6000000
La Liga,Villarreal,Alberto Moleiro,30000000
La Liga,Villarreal,Gerard Moreno,10000000
La Liga,Villarreal,Georges Mikautadze,28000000
La Liga,Villarreal,Tajon Buchanan,8000000
La Liga,Villarreal,Nicolas Pépé,8500000
La Liga,Villarreal,Ayoze Pérez,6000000
Bundesliga,FC Heidenheim 1846,Diant Ramaj,7000000
Bundesliga,FC Heidenheim 1846,Paul Tschernuth,100000
Bundesliga,FC Heidenheim 1846,Frank Feller,500000
Bundesliga,FC Heidenheim 1846,Patrick Mainka,2500000
Bundesliga,FC Heidenheim 1846,Marnon Busch,1200000
Bundesliga,FC Heidenheim 1846,Benedikt Gimber,2500000
Bundesliga,FC Heidenheim 1846,Jonas Föhrenbach,1500000
Bundesliga,FC Heidenheim 1846,Leonidas Stergiou,3500000
Bundesliga,FC Heidenheim 1846,Tim Siersleben,2500000
Bundesliga,FC Heidenheim 1846,Niklas Dorsch,3000000
Bundesliga,FC Heidenheim 1846,Adrian Beck,2000000
Bundesliga,FC Heidenheim 1846,Jan Schöppner,4000000
Bundesliga,FC Heidenheim 1846,Julian Niehues,1500000
Bundesliga,FC Heidenheim 1846,Arijon Ibrahimovic,5000000
Bundesliga,FC Heidenheim 1846,Luca Kerber,2000000
Bundesliga,FC Heidenheim 1846,Hennes Behrens,400000
Bundesliga,1. FC Union Berlin,Frederik Ronnow,2500000
Bundesliga,1. FC Union Berlin,Carl Klaus,350000
Bundesliga,1. FC Union Berlin,Christopher Trimmel,600000
Bundesliga,1. FC Union Berlin,Josip Juranovic,2500000
Bundesliga,1. FC Union Berlin,Danilho Doekhi,13000000
Bundesliga,1. FC Union Berlin,Diogo Leite,12000000
Bundesliga,1. FC Union Berlin,Derrick Köhn,4000000
Bundesliga,1. FC Union Berlin,Stanley N'Soki,1800000
Bundesliga,1. FC Union Berlin,Tom Rothe,10000000
Bundesliga,1. FC Union Berlin,Leopold Querfeld,18000000
Bundesliga,1. FC Union Berlin,Rani Khedira,2000000
Bundesliga,1. FC Union Berlin,Janik Haberer,2500000
Bundesliga,1. FC Union Berlin,Robert Skov,3000000
Bundesliga,1. FC Union Berlin,Tim Skarke,1800000
Bundesliga,1. FC Union Berlin,Alex Král,5000000
Bundesliga,1. FC Union Berlin,András Schäfer,4500000
Bundesliga,Bayer Leverkusen,Janis Blaswich,2000000
Bundesliga,Bayer Leverkusen,Niklas Lomb,250000
Bundesliga,Bayer Leverkusen,Mark Flekken,8000000
Bundesliga,Bayer Leverkusen,Jonas Omlin,1500000
Bundesliga,Bayer Leverkusen,Alejandro Grimaldo,24000000
Bundesliga,Bayer Leverkusen,Lucas Vázquez,2500000
Bundesliga,Bayer Leverkusen,Edmond Tapsoba,35000000
Bundesliga,Bayer Leverkusen,Jarell Quansah,40000000
Bundesliga,Bayer Leverkusen,Loïc Badé,28000000
Bundesliga,Bayer Leverkusen,Arthur,7000000
Bundesliga,Bayer Leverkusen,Axel Tape,8000000
Bundesliga,Bayer Leverkusen,Robert Andrich,7000000
Bundesliga,Bayer Leverkusen,Aleix García,20000000
Bundesliga,Bayer Leverkusen,Exequiel Palacios,30000000
Bundesliga,Bayer Leverkusen,Malik Tillman,35000000
Bundesliga,Bayern Munich,Manuel Neuer,4000000
Bundesliga,Bayern Munich,Sven Ulreich,700000
Bundesliga,Bayern Munich,Jonas Urbig,2000000
Bundesliga,Bayern Munich,Hiroki Ito,18000000
Bundesliga,Bayern Munich,Raphaël Guerreiro,12000000
Bundesliga,Bayern Munich,Jonathan Tah,30000000
Bundesliga,Bayern Munich,Dayot Upamecano,70000000
Bundesliga,Bayern Munich,Alphonso Davies,50000000
Bundesliga,Bayern Munich,Josip Stanisic,32000000
Bundesliga,Bayern Munich,Cassiano Kiala,2000000
Bundesliga,Bayern Munich,Konrad Laimer,32000000
Bundesliga,Bayern Munich,Leon Goretzka,15000000
Bundesliga,Bayern Munich,Joshua Kimmich,40000000
Bundesliga,Borussia Dortmund,Patrick Drewes,400000
Bundesliga,Borussia Dortmund,Alexander Meyer,800000
Bundesliga,Borussia Dortmund,Gregor Kobel,40000000
Bundesliga,Borussia Dortmund,Silas Ostrzinski,200000
Bundesliga,Borussia Dortmund,Niklas Süle,5000000
Bundesliga,Borussia Dortmund,Ramy Bensebaini,7000000
Bundesliga,Borussia Dortmund,Waldemar Anton,18000000
Bundesliga,Borussia Dortmund,Julian Ryerson,20000000
Bundesliga,Borussia Dortmund,Nico Schlotterbeck,55000000
Bundesliga,Borussia Dortmund,Yan Couto,20000000
Bundesliga,Borussia Dortmund,Daniel Svensson,22000000
Bundesliga,Borussia Dortmund,Almugera Kabar,3000000
Bundesliga,Borussia Dortmund,Filippo Mané,2500000
Bundesliga,Borussia Dortmund,Elias Benkara,50000
Bundesliga,Borussia Dortmund,Emre Can,6000000
Bundesliga,Borussia Dortmund,Marcel Sabitzer,7000000
Bundesliga,Borussia Dortmund,Julian Brandt,20000000
Bundesliga,Borussia Dortmund,Salih Özcan,3500000
Bundesliga,Borussia Dortmund,Felix Nmecha,45000000
Bundesliga,Borussia Mönchengladbach,Tobias Sippel,300000
Bundesliga,Borussia Mönchengladbach,Moritz Nicolas,5000000
Bundesliga,Borussia Mönchengladbach,Jan Olschowsky,600000
Bundesliga,Borussia Mönchengladbach,Marvin Friedrich,1800000
Bundesliga,Borussia Mönchengladbach,Kevin Diks,5000000
Bundesliga,Borussia Mönchengladbach,Nico Elvedi,8000000
Bundesliga,Borussia Mönchengladbach,Joe Scally,7000000
Bundesliga,Borussia Mönchengladbach,Fabio Chiarodia,3000000
Bundesliga,Borussia Mönchengladbach,Lukas Ullrich,7000000
Bundesliga,Borussia Mönchengladbach,Kevin Stöger,3000000
Bundesliga,Borussia Mönchengladbach,Franck Honorat,12000000
Bundesliga,Borussia Mönchengladbach,Florian Neuhaus,3500000
Bundesliga,Borussia Mönchengladbach,Robin Hack,12000000
Bundesliga,Borussia Mönchengladbach,Philipp Sander,4000000
Bundesliga,Borussia Mönchengladbach,Nathan N'Goumou,3500000
Bundesliga,Borussia Mönchengladbach,Giovanni Reyna,6000000
Bundesliga,Borussia Mönchengladbach,Jens Castrop,1500000
Bundesliga,Borussia Mönchengladbach,Rocco Reitz,17000000
Bundesliga,Eintracht Frankfurt,Jens Grahl,200000
Bundesliga,Eintracht Frankfurt,Michael Zetterer,4500000
Bundesliga,Eintracht Frankfurt,Kauã Santos,7000000
Bundesliga,Eintracht Frankfurt,Nathaniel Brown,35000000
Bundesliga,Eintracht Frankfurt,Robin Koch,15000000
Bundesliga,Eintracht Frankfurt,Arthur Theate,24000000
Bundesliga,Eintracht Frankfurt,Nnamdi Collins,15000000
Bundesliga,Eintracht Frankfurt,Aurèle Amenda,6000000
Bundesliga,Eintracht Frankfurt,Elias Baum,1000000
Bundesliga,Eintracht Frankfurt,Timothy Chandler,350000
Bundesliga,Eintracht Frankfurt,Mario Götze,3500000
Bundesliga,Eintracht Frankfurt,Mahmoud Dahoud,2000000
Bundesliga,Eintracht Frankfurt,Ellyes Skhiri,6000000
Bundesliga,Eintracht Frankfurt,Ritsu Doan,18000000
Bundesliga,Eintracht Frankfurt,Hugo Larsson,40000000
Bundesliga,Eintracht Frankfurt,Farès Chaïbi,15000000
Bundesliga,FC Augsburg,Finn Dahmen,12000000
Bundesliga,FC Augsburg,Daniel Klein,150000
Bundesliga,FC Augsburg,Nediljko Labrovic,2000000
Bundesliga,FC Augsburg,Jeffrey Gouweleeuw,1000000
Bundesliga,FC Augsburg,Mads Pedersen,1000000
Bundesliga,FC Augsburg,Oliver Sorg,175000
Bundesliga,FC Augsburg,Cédric Zesiger,5000000
Bundesliga,FC Augsburg,Keven Schlotterbeck,6000000
Bundesliga,FC Augsburg,Chrislain Matsima,22000000
Bundesliga,FC Augsburg,Arthur Chaves,5000000
Bundesliga,FC Augsburg,Noahkai Banks,15000000
Bundesliga,FC Augsburg,Felix Meiser,150000
Bundesliga,FC Augsburg,Marius Wolf,2500000
Bundesliga,FC Augsburg,Alexis Claude-Maurice,12000000
Bundesliga,FC Augsburg,Kristijan Jakic,6000000
Bundesliga,FC Augsburg,Elvis Rexhbecaj,3500000
Bundesliga,FC Augsburg,Yannik Keitel,2000000
Bundesliga,FC Augsburg,Han-Noah Massengo,4000000
Bundesliga,FC Cologne,Ron-Robert Zieler,700000
Bundesliga,FC Cologne,Marvin Schwäbe,4000000
Bundesliga,FC Cologne,Matthias Köbbing,100000
Bundesliga,FC Cologne,Dominique Heintz,800000
Bundesliga,FC Cologne,Timo Hübers,5500000
Bundesliga,FC Cologne,Luca Kilian,2000000
Bundesliga,FC Cologne,Cenk Özkacar,2000000
Bundesliga,FC Cologne,Sebastian Sebulonsen,5500000
Bundesliga,FC Cologne,Rav van den Berg,400000
Bundesliga,FC Cologne,Kristoffer Lund,2200000
Bundesliga,FC Cologne,Jahmai Simpson-Pusey,4000000
Bundesliga,FC Cologne,Florian Kainz,2500000
Bundesliga,FC Cologne,Linton Maina,3000000
Bundesliga,FC Cologne,Ísak Jóhannesson,3500000
Bundesliga,FC Cologne,Eric Martel,7500000
Bundesliga,Hamburg SV,Daniel Heuer Fernandes,1200000
Bundesliga,Hamburg SV,Jordan Torunarigha,4000000
Bundesliga,Hamburg SV,Noah Katterbach,600000
Bundesliga,Hamburg SV,Warmed Omari,3000000
Bundesliga,Hamburg SV,William Mikelbrencis,1000000
Bundesliga,Hamburg SV,Fabio Vieira,22000000
Bundesliga,Hamburg SV,Bakery Jatta,1300000
Bundesliga,Hamburg SV,Albert Sambi Lokonga,15000000
Bundesliga,Hamburg SV,Albert Grønbaek,8000000
Bundesliga,Hamburg SV,Nicolai Remberg,5000000
Bundesliga,Mainz,Daniel Batz,250000
Bundesliga,Mainz,Robin Zentner,3000000
Bundesliga,Mainz,Lasse Rieß,700000
Bundesliga,Mainz,Stefan Bell,600000
Bundesliga,Mainz,Danny da Costa,1200000
Bundesliga,Mainz,Silvan Widmer,800000
Bundesliga,Mainz,Andreas Hanche-Olsen,5000000
Bundesliga,Mainz,Maxim Leitsch,1500000
Bundesliga,Mainz,Phillipp Mwene,1500000
Bundesliga,Mainz,Anthony Caci,10000000
Bundesliga,Mainz,Nikolas Veratschnig,1500000
Bundesliga,Mainz,Dominik Kohr,2000000
Bundesliga,Mainz,Nadiem Amiri,17000000
Bundesliga,Mainz,Lennard Maloney,3500000
Bundesliga,Mainz,Paul Nebel,18000000
Bundesliga,RB Leipzig,Péter Gulácsi,2000000
Bundesliga,RB Leipzig,Leopold Zingerle,400000
Bundesliga,RB Leipzig,Maarten Vandevoordt,8000000
Bundesliga,RB Leipzig,Willi Orbán,6000000
Bundesliga,RB Leipzig,Lukas Klostermann,3500000
Bundesliga,RB Leipzig,Benjamin Henrichs,20000000
Bundesliga,RB Leipzig,David Raum,20000000
Bundesliga,RB Leipzig,Ridle Baku,7000000
Bundesliga,RB Leipzig,El Chadaille Bitshiabu,15000000
Bundesliga,RB Leipzig,Castello Lukeba,45000000
Bundesliga,RB Leipzig,Max Finkgrafe,6000000
Bundesliga,RB Leipzig,Xaver Schlager,28000000
Bundesliga,RB Leipzig,Christoph Baumgartner,18000000
Bundesliga,RB Leipzig,Nicolas Seiwald,16000000
Bundesliga,RB Leipzig,Antonio Nusa,32000000
Bundesliga,RB Leipzig,Ezechiel Banzuzi,18000000
Bundesliga,SC Freiburg,Florian Müller,1200000
Bundesliga,SC Freiburg,Jannik Huth,400000
Bundesliga,SC Freiburg,Noah Atubolu,20000000
Bundesliga,SC Freiburg,Anthony Jung,700000
Bundesliga,SC Freiburg,Matthias Ginter,6000000
Bundesliga,SC Freiburg,Lukas Kübler,1500000
Bundesliga,SC Freiburg,Christian Günter,2000000
Bundesliga,SC Freiburg,Philipp Lienhart,12000000
Bundesliga,SC Freiburg,Niklas Beste,7000000
Bundesliga,SC Freiburg,Philipp Treu,8000000
Bundesliga,SC Freiburg,Max Rosenfelder,8000000
Bundesliga,SC Freiburg,Jordy Makengo,6000000
Bundesliga,SC Freiburg,Nicolas Höfler,500000
Bundesliga,SC Freiburg,Vincenzo Grifo,5000000
Bundesliga,SC Freiburg,Maximilian Eggestein,10000000
Bundesliga,SC Freiburg,Daniel-Kofi Kyereh,300000
Bundesliga,SC Freiburg,Patrick Osterhage,12000000
Bundesliga,SC Freiburg,Yuito Suzuki,15000000
Bundesliga,St. Pauli,Nikola Vasilj,4500000
Bundesliga,St. Pauli,Ben Voll,500000
Bundesliga,St. Pauli,Karol Mets,1000000
Bundesliga,St. Pauli,Manolis Saliakas,1500000
Bundesliga,St. Pauli,Hauke Wahl,1500000
Bundesliga,St. Pauli,Adam Dzwigala,400000
Bundesliga,St. Pauli,David Nemeth,4000000
Bundesliga,St. Pauli,Fin Stevens,450000
Bundesliga,St. Pauli,Jackson Irvine,1500000
Bundesliga,St. Pauli,Eric Smith,5000000
Bundesliga,St. Pauli,Mathias Pereira Lage,3500000
Bundesliga,TSG Hoffenheim,Oliver Baumann,3000000
Bundesliga,TSG Hoffenheim,Luca Philipp,750000
Bundesliga,TSG Hoffenheim,Lúkas Petersson,600000
Bundesliga,TSG Hoffenheim,Kevin Akpoguma,2000000
Bundesliga,TSG Hoffenheim,Vladimír Coufal,2700000
Bundesliga,TSG Hoffenheim,Bernardo,5000000
Bundesliga,TSG Hoffenheim,Koki Machida,7000000
Bundesliga,TSG Hoffenheim,Ozan Kabak,5000000
Bundesliga,TSG Hoffenheim,Valentin Gendrey,7000000
Bundesliga,TSG Hoffenheim,Alexander Prass,5000000
Bundesliga,TSG Hoffenheim,Robin Hranác,7000000
Bundesliga,TSG Hoffenheim,Luca Erlein,1300000
Bundesliga,TSG Hoffenheim,Grischa Prömel,3000000
Bundesliga,TSG Hoffenheim,Wouter Burger,5000000
Bundesliga,TSG Hoffenheim,Muhammed Damar,1000000
Bundesliga,TSG Hoffenheim,Florian Micheler,500000
Bundesliga,VfB Stuttgart,Fabian Bredlow,800000
Bundesliga,VfB Stuttgart,Alexander Nübel,12000000
Bundesliga,VfB Stuttgart,Stefan Drljaca,300000
Bundesliga,VfB Stuttgart,Maximilian Mittelstädt,18000000
Bundesliga,VfB Stuttgart,Pascal Stenzel,1200000
Bundesliga,VfB Stuttgart,Dan-Axel Zagadou,2000000
Bundesliga,VfB Stuttgart,Jeff Chabot,15000000
Bundesliga,VfB Stuttgart,Josha Vagnoman,10000000
Bundesliga,VfB Stuttgart,Ramon Hendriks,5000000
Bundesliga,VfB Stuttgart,Lorenz Assignon,12000000
Bundesliga,VfB Stuttgart,Luca Jaquez,10000000
Bundesliga,VfB Stuttgart,Finn Jeltsch,25000000
Bundesliga,VfB Stuttgart,Atakan Karazor,9000000
Bundesliga,VfB Stuttgart,Nikolas Nartey,2000000
Bundesliga,VfB Stuttgart,Chris Führich,10000000
Bundesliga,VfB Stuttgart,Angelo Stiller,45000000
Bundesliga,VfB Stuttgart,Bilal El Khannouss,30000000
Bundesliga,VfL Wolfsburg,Pavao Pervan,300000
Bundesliga,VfL Wolfsburg,Marius Müller,1000000
Bundesliga,VfL Wolfsburg,Kamil Grabara,12000000
Bundesliga,VfL Wolfsburg,Denis Vavro,7000000
Bundesliga,VfL Wolfsburg,Rogério,2000000
Bundesliga,VfL Wolfsburg,Joakim Maehle,9000000
Bundesliga,VfL Wolfsburg,Moritz Jenz,5000000
Bundesliga,VfL Wolfsburg,Kilian Fischer,7500000
Bundesliga,VfL Wolfsburg,Aaron Zehnter,1500000
Bundesliga,VfL Wolfsburg,Jeanuël Belocian,12000000
Bundesliga,VfL Wolfsburg,Konstantinos Koulierakis,25000000
Bundesliga,VfL Wolfsburg,Jan Bürger,1000000
Bundesliga,VfL Wolfsburg,Christian Eriksen,3000000
Bundesliga,VfL Wolfsburg,Maximilian Arnold,4500000
Bundesliga,VfL Wolfsburg,Kevin Paredes,5000000
Bundesliga,Werder Bremen,Markus Kolke,300000
Bundesliga,Werder Bremen,Karl Hein,3000000
Bundesliga,Werder Bremen,Mio Backhaus,10000000
Bundesliga,Werder Bremen,Mitchell Weiser,3500000
Bundesliga,Werder Bremen,Niklas Stark,3500000
Bundesliga,Werder Bremen,Karim Coulibaly,20000000
Bundesliga,Werder Bremen,Maximilian Wöber,10000000
Bundesliga,Werder Bremen,Marco Friedl,12000000
Bundesliga,Werder Bremen,Yukinari Sugawara,7500000
Bundesliga,Werder Bremen,Amos Pieper,4000000
Bundesliga,Werder Bremen,Felix Agu,8000000
Bundesliga,Werder Bremen,Olivier Deman,3000000
Bundesliga,Werder Bremen,Julian Malatini,2000000
Bundesliga,Werder Bremen,Mick Schmetgens,150000
Bundesliga,Werder Bremen,Leonardo Bittencourt,1200000
Bundesliga,Werder Bremen,Jens Stage,14000000
Bundesliga,Werder Bremen,Romano Schmid,17000000
Serie A,AC Milan,Pietro Terracciano,1000000
Serie A,AC Milan,Mike Maignan,38000000
Serie A,AC Milan,Lorenzo Torriani,10000
Serie A,AC Milan,Pervis Estupiñán,14000000
Serie A,AC Milan,Fikayo Tomori,40000000
Serie A,AC Milan,Matteo Gabbia,8000000
Serie A,AC Milan,Strahinja Pavlovic,28000000
Serie A,AC Milan,Filippo Terracciano,4500000
Serie A,AC Milan,Koni De Winter,12000000
Serie A,AC Milan,Mario Gila,30000000
Serie A,AC Milan,Davide Bartesaghi,1000000
Serie A,AC Milan,David Odogu,5000000
Serie A,AC Milan,Luka Modric,4000000
Serie A,AC Milan,Ruben Loftus-Cheek,25000000
Serie A,AS Roma,Pierluigi Gollini,800000
Serie A,AS Roma,Devis Vásquez,350000
Serie A,AS Roma,Mile Svilar,35000000
Serie A,AS Roma,Gianluca Mancini,15000000
Serie A,AS Roma,Angeliño,17000000
Serie A,AS Roma,Mario Hermoso,7000000
Serie A,AS Roma,Evan Ndicka,30000000
Serie A,AS Roma,Devyne Rensch,8500000
Serie A,AS Roma,Daniele Ghilardi,8000000
Serie A,AS Roma,Zeki Çelik,12000000
Serie A,Atalanta,Francesco Rossi,100000
Serie A,Atalanta,Marco Sportiello,1500000
Serie A,Atalanta,Marco Carnesecchi,16000000
Serie A,Atalanta,Berat Djimsiti,10000000
Serie A,Atalanta,Sead Kolasinac,10000000
Serie A,Atalanta,Davide Zappacosta,3500000
Serie A,Atalanta,Mitchel Bakker,4000000
Serie A,Atalanta,Raoul Bellanova,15000000
Serie A,Atalanta,Odilon Kossounou,22000000
Serie A,Atalanta,Lorenzo Bernasconi,75000
Serie A,Atalanta,Giorgio Scalvini,45000000
Serie A,Atalanta,Isak Hien,25000000
Serie A,Atalanta,Giovanni Bonfanti,1000000
Serie A,Atalanta,Marten de Roon,7000000
Serie A,Atalanta,Mario Pasalic,7000000
Serie A,Atalanta,Gianluca Gaetano,4000000
Serie A,Atalanta,Nicola Zalewski,15000000
Serie A,Atalanta,Lazar Samardzic,15000000
Serie A,Bologna,Lukasz Skorupski,2500000
Serie A,Bologna,Federico Ravaglia,1000000
Serie A,Bologna,Lorenzo De Silvestri,400000
Serie A,Bologna,Jhon Lucumí,17000000
Serie A,Bologna,Nicolo Casale,5000000
Serie A,Bologna,Juan Miranda,15000000
Serie A,Bologna,Emil Holm,13000000
Serie A,Bologna,Nadir Zortea,7500000
Serie A,Bologna,Remo Freuler,4000000
Serie A,Bologna,Lewis Ferguson,20000000
Serie A,Bologna,Nikola Moro,6500000
Serie A,Bologna,Michel Aebischer,4500000
Serie A,Bologna,Tommaso Pobega,9000000
Serie A,Bologna,João Mário,15000000
Serie A,Bologna,Charalampos Lykogiannis,1500000
Serie A,Cagliari,Boris Radunovic,1000000
Serie A,Cagliari,Elia Caprile,15000000
Serie A,Cagliari,Giuseppe Ciocci,100000
Serie A,Cagliari,Alen Sherri,1000000
Serie A,Cagliari,Velizar-Iliya Iliev,250000
Serie A,Cagliari,Yerry Mina,3000000
Serie A,Cagliari,Gabriele Zappa,4000000
Serie A,Cagliari,Adam Obert,4000000
Serie A,Cagliari,Zé Pedro,2500000
Serie A,Cagliari,Othniël Raterink,450000
Serie A,Cagliari,Alessandro Romano,500000
Serie A,Cagliari,Matteo Prati,6000000
Serie A,Cagliari,Alessandro Deiola,1600000
Serie A,Cagliari,Michel Adopo,6000000
Serie A,Cagliari,Nicolò Cavuoti,200000
Serie A,Cagliari,Jacopo Fazzini,6000000
Serie A,Cagliari,Alberto Dossena,5000000
Serie A,Cagliari,Marco Palestra,1000000
Serie A,Como,Mauro Vigorito,150000
Serie A,Como,Emil Audero,3200000
Serie A,Como,Jean Butez,4500000
Serie A,Como,Edoardo Goldaniga,1200000
Serie A,Como,Álex Valle,10000000
Serie A,Como,Stefan Posch,14000000
Serie A,Como,Alberto Dossena,5000000
Serie A,Como,Ignace van der Brempt,3500000
Serie A,Como,Ivan Smolcic,2500000
Serie A,Como,Jacobo Ramón,100000
Serie A,Como,Luca Mazzitelli,1400000
Serie A,Como,Maxence Caqueret,20000000
Serie A,Como,Lucas Da Cunha,15000000
Serie A,Como,Matthias Braunöder,1200000
Serie A,Como,Máximo Perrone,25000000
Serie A,Como,Alberto Moreno,1000000
Serie A,Como,Diego Carlos,8500000
Serie A,Como,Mërgim Vojvoda,3000000
Serie A,Cremonese,Marco Silvestri,500000
Serie A,Cremonese,Emil Audero,3200000
Serie A,Cremonese,Lapo Nava,150000
Serie A,Cremonese,Federico Ceccherini,400000
Serie A,Cremonese,Matteo Bianchetti,800000
Serie A,Cremonese,Sebastiano Luperto,4000000
Serie A,Cremonese,Giuseppe Pezzella,2200000
Serie A,Cremonese,Tommaso Barbieri,1200000
Serie A,Cremonese,Filippo Terracciano,4500000
Serie A,Cremonese,Federico Baschirotto,4000000
Serie A,Fiorentina,David de Gea,3500000
Serie A,Fiorentina,Luca Lezzerini,350000
Serie A,Fiorentina,Marin Pongracic,7500000
Serie A,Fiorentina,Luca Ranieri,7000000
Serie A,Fiorentina,Fabiano Parisi,9500000
Serie A,Fiorentina,Nicolás Valentini,5000000
Serie A,Fiorentina,Pietro Comuzzo,23000000
Serie A,Fiorentina,Álex Jiménez,4000000
Serie A,Fiorentina,Niccolò Fortini,10000000
Serie A,Fiorentina,Rolando Mandragora,8500000
Serie A,Fiorentina,Abdelhamid Sabiri,2200000
Serie A,Fiorentina,Simon Sohm,2500000
Serie A,Fiorentina,Marco Brescianini,7500000
Serie A,Fiorentina,Pietro Leonardelli,125000
Serie A,Fiorentina,Daniele Rugani,2000000
Serie A,Fiorentina,Robin Gosens,6000000
Serie A,Fiorentina,Tariq Lamptey,8000000
Serie A,Genoa,Daniele Sommariva,100000
Serie A,Genoa,Stefano Sabelli,1400000
Serie A,Genoa,Aarón Martín,5000000
Serie A,Genoa,Johan Vásquez,10000000
Serie A,Genoa,Leo Østigard,10000000
Serie A,Genoa,Sebastian Otoa,2500000
Serie A,Genoa,Alessandro Marcandalli,2500000
Serie A,Genoa,Morten Frendrup,15000000
Serie A,Genoa,Nicola Leali,1500000
Serie A,Genoa,Benjamin Siegrist,500000
Serie A,Hellas Verona,Lorenzo Montipò,2000000
Serie A,Hellas Verona,Simone Perilli,200000
Serie A,Hellas Verona,Giacomo Toniolo,100000
Serie A,Hellas Verona,Victor Nelsson,7500000
Serie A,Hellas Verona,Martin Frese,2000000
Serie A,Hellas Verona,Domagoj Bradaric,5000000
Serie A,Hellas Verona,Armel Bella-Kotchap,7500000
Serie A,Hellas Verona,Daniel Oyegoke,500000
Serie A,Hellas Verona,Nicolás Valentini,5000000
Serie A,Internazionale,Raffaele Di Gennaro,300000
Serie A,Internazionale,Ivan Provedel,3000000
Serie A,Internazionale,Josep Martínez,9000000
Serie A,Internazionale,Federico Dimarco,50000000
Serie A,Internazionale,Alessandro Bastoni,80000000
Serie A,Internazionale,Yann Bisseck,35000000
Serie A,Internazionale,Carlos Augusto,26000000
Serie A,Internazionale,Henrikh Mkhitaryan,3500000
Serie A,Internazionale,Hakan Çalhanoglu,22000000
Serie A,Internazionale,Piotr Zielinski,10000000
Serie A,Internazionale,Nicolò Barella,60000000
Serie A,Internazionale,Davide Frattesi,28000000
Serie A,Internazionale,Kristjan Asllani,13000000
Serie A,Internazionale,Petar Sucic,30000000
Serie A,Internazionale,Ebenezer Akinsanmiro,1800000
Serie A,Internazionale,Marcus Thuram,60000000
Serie A,Internazionale,Yann Sommer,2500000
Serie A,Internazionale,Alessandro Calligaris,400000
Serie A,Internazionale,Matteo Darmian,1500000
Serie A,Internazionale,Stefan de Vrij,3500000
Serie A,Internazionale,Francesco Acerbi,2500000
Serie A,Internazionale,Denzel Dumfries,25000000
Serie A,Juventus,Carlo Pinsoglio,200000
Serie A,Juventus,Mattia Perin,2000000
Serie A,Juventus,Michele Di Gregorio,18000000
Serie A,Juventus,Simone Scaglia,25000
Serie A,Juventus,Juan Cabal,9000000
Serie A,Juventus,Lloyd Kelly,20000000
Serie A,Juventus,Bremer,35000000
Serie A,Juventus,Emil Holm,13000000
Serie A,Juventus,Pierre Kalulu,28000000
Serie A,Juventus,Andrea Cambiaso,30000000
Serie A,Juventus,Federico Gatti,20000000
Serie A,Lazio,Christos Mandas,3000000
Serie A,Lazio,Alessio Furlanetto,50000
Serie A,Lazio,Davide Renzetti,100000
Serie A,Lazio,Patric,1500000
Serie A,Lazio,Alessio Romagnoli,7000000
Serie A,Lazio,Samuel Gigot,9000000
Serie A,Lazio,Adam Marusic,5000000
Serie A,Lazio,Luca Pellegrini,3500000
Serie A,Lazio,Nuno Tavares,15000000
Serie A,Lazio,Oliver Provstgaard,4500000
Serie A,Lazio,Filipe Bordon,800000
Serie A,Lazio,Danilo Cataldi,3500000
Serie A,Lazio,Mattia Zaccagni,15000000
Serie A,Lazio,Manuel Lazzari,2500000
Serie A,Lazio,Kenneth Taylor,23000000
Serie A,Lazio,Nicolò Rovella,28000000
Serie A,Lazio,Ivan Provedel,3000000
Serie A,Lazio,Elseid Hysaj,2500000
Serie A,Lazio,Mario Gila,30000000
Serie A,Lecce,Wladimiro Falcone,3500000
Serie A,Lecce,Christian Früchtl,1200000
Serie A,Lecce,Alexandru Borbei,150000
Serie A,Lecce,Jasper Samooja,75000
Serie A,Lecce,Antonino Gallo,4000000
Serie A,Lecce,Corrie Ndaba,350000
Serie A,Lecce,Danilo Veiga,2000000
Serie A,Lecce,Gaby Jean,2000000
Serie A,Lecce,Tiago Gabriel,15000000
Serie A,Lecce,Mohamed Kaba,3500000
Serie A,Lecce,Lassana Coulibaly,3500000
Serie A,Lecce,Youssef Maleh,4500000
Serie A,Lecce,Lameck Banda,3000000
Serie A,Lecce,Sadik Fofana,500000
Serie A,Napoli,Nikita Contini,400000
Serie A,Napoli,Alex Meret,14000000
Serie A,Napoli,Vanja Milinkovic-Savic,5000000
Serie A,Napoli,Leonardo Spinazzola,3500000
Serie A,Napoli,Giovanni Di Lorenzo,10000000
Serie A,Napoli,Amir Rrahmani,12000000
Serie A,Napoli,Mathías Olivera,18000000
Serie A,Napoli,Alessandro Buongiorno,45000000
Serie A,Napoli,Pasquale Mazzocchi,1700000
Serie A,Napoli,Sam Beukema,28000000
Serie A,Napoli,Miguel Gutiérrez,17000000
Serie A,Napoli,Luca Marianucci,175000
Serie A,Napoli,Kevin De Bruyne,15000000
Serie A,Napoli,Stanislav Lobotka,18000000
Serie A,Napoli,Frank Anguissa,25000000
Serie A,Napoli,Michael Folorunsho,6000000
Serie A,Napoli,Juan Jesus,1500000
Serie A,Parma,Zion Suzuki,20000000
Serie A,Parma,Edoardo Corvi,700000
Serie A,Parma,Giovanni Daffara,600000
Serie A,Parma,Emanuele Valeri,2300000
Serie A,Parma,Lautaro Valenti,1500000
Serie A,Parma,Abdoulaye Ndiaye,3000000
Serie A,Parma,Franco Carboni,900000
Serie A,Parma,Adrián Bernabé,15000000
Serie A,Parma,Hans Nicolussi Caviglia,3000000
Serie A,Parma,Filippo Rinaldi,150000
Serie A,Pisa,Simone Scuffet,1000000
Serie A,Pisa,Adrian Semper,1200000
Serie A,Pisa,Raúl Albiol,800000
Serie A,Pisa,Antonio Caracciolo,250000
Serie A,Pisa,Arturo Calabresi,1100000
Serie A,Pisa,Simone Canestrelli,900000
Serie A,Pisa,Samuele Angori,200000
Serie A,Sassuolo,Arijanet Muric,7500000
Serie A,Sassuolo,Stefano Turati,7000000
Serie A,Sassuolo,Alessandro Russo,350000
Serie A,Sassuolo,Gioele Zacchi,150000
Serie A,Sassuolo,Jay Idzes,750000
Serie A,Sassuolo,Fali Candé,3000000
Serie A,Sassuolo,Sebastian Walukiewicz,4500000
Serie A,Sassuolo,Josh Doig,6000000
Serie A,Sassuolo,Cas Odenthal,1500000
Serie A,Sassuolo,Filippo Missori,1500000
Serie A,Sassuolo,Yeferson Paz,500000
Serie A,Sassuolo,Edoardo Pieragnolo,300000
Serie A,Sassuolo,Kevin Miranda,350000
Serie A,Sassuolo,Nemanja Matic,3000000
Serie A,Sassuolo,Fabrizio Caligara,1800000
Serie A,Sassuolo,Kristian Thorstvedt,8000000
Serie A,Sassuolo,Andrea Ghion,550000
Serie A,Sassuolo,Daniel Boloca,7000000
Serie A,Sassuolo,Giacomo Satalino,150000
Serie A,Sassuolo,Filippo Romagna,400000
Serie A,Sassuolo,Woyo Coulibaly,2000000
Serie A,Sassuolo,Tarik Muharemovic,1200000
Serie A,Torino,Pietro Pellegri,3000000
Serie A,Torino,Nicola Rauti,200000
Serie A,Torino,Alberto Paleari,1000000
Serie A,Torino,Franco Israel,3800000
Serie A,Torino,Cristiano Biraghi,1400000
Serie A,Torino,Saúl Coco,8000000
Serie A,Torino,Saba Sazonov,1300000
Serie A,Torino,Alessandro Dellavalle,800000
Serie A,Torino,Ali Dembélé,300000
Serie A,Torino,Adrien Tamèze,2000000
Serie A,Torino,Nikola Vlasic,10000000
Serie A,Torino,Ivan Ilic,18000000
Serie A,Torino,Guillermo Maripán,4000000
Serie A,Torino,Enzo Ebosse,2500000
Serie A,Torino,Niels Nkounkou,3500000
Serie A,Torino,Valentino Lazaro,3500000
Serie A,Udinese,Daniele Padelli,150000
Serie A,Udinese,Maduka Okoye,8000000
Serie A,Udinese,Edoardo Piana,25000
Serie A,Udinese,Thomas Kristensen,4500000
Serie A,Udinese,Christian Kabasele,800000
Serie A,Udinese,Hassane Kamara,3000000
Serie A,Udinese,Kingsley Ehizibue,2000000
Serie A,Udinese,Mërgim Vojvoda,3000000
Serie A,Udinese,Enzo Ebosse,2500000
Serie A,Udinese,Oumar Solet,17000000
Serie A,Udinese,Alessandro Zanoli,5000000
Serie A,Udinese,Jordan Zemura,4000000
Serie A,Udinese,Nicolò Bertola,150000
Serie A,Udinese,Saba Goglichidze,4500000
Serie A,Udinese,Matteo Palma,5000000
Serie A,Udinese,Sandi Lovric,6000000
Serie A,Udinese,Jesper Karlström,4000000
Serie A,Udinese,Razvan Sava,2500000
Ligue 1,AJ Auxerre,Marvin Senaya,3000000
Ligue 1,AJ Auxerre,Elisha Owusu,2500000
Ligue 1,AJ Auxerre,Sinaly Diomande,4000000
Ligue 1,AJ Auxerre,Théo De Percin,150000
Ligue 1,AJ Auxerre,Francisco Sierralta,1200000
Ligue 1,AJ Auxerre,Donovan Léon,900000
Ligue 1,AJ Auxerre,Tom Negrel,50000
Ligue 1,AJ Auxerre,Naouirou Ahamada,3500000
Ligue 1,AJ Auxerre,Telli Siwe,1000000
Ligue 1,AJ Auxerre,Fredrik Oppegard,600000
Ligue 1,AJ Auxerre,Clément Akpa,8000000
Ligue 1,AJ Auxerre,Assane Dioussé,900000
Ligue 1,AJ Auxerre,Gideon Mensah,3500000
Ligue 1,AS Monaco,Mohammed Salisu,10000000
Ligue 1,AS Monaco,Wout Faes,12000000
Ligue 1,AS Monaco,Philipp Köhn,4000000
Ligue 1,AS Monaco,Caio Henrique,15000000
Ligue 1,AS Monaco,Lukas Hradecky,1800000
Ligue 1,AS Monaco,Radoslaw Majecki,4000000
Ligue 1,AS Monaco,Jordan Teze,12000000
Ligue 1,AS Monaco,Vanderson,20000000
Ligue 1,AS Monaco,Eric Dier,7000000
Ligue 1,AS Monaco,Thilo Kehrer,18000000
Ligue 1,AS Monaco,Kassoum Ouattara,9000000
Ligue 1,AS Monaco,Yann Lienard,100000
Ligue 1,AS Monaco,Jules Stawiecki,150000
Ligue 1,Angers,Lilian Raolisoa,600000
Ligue 1,Angers,Florent Hanin,500000
Ligue 1,Angers,Abdoulaye Bamba,400000
Ligue 1,Angers,Haris Belkebla,2500000
Ligue 1,Angers,Hervé Koffi,3000000
Ligue 1,Angers,Anthony Lopes,4000000
Ligue 1,Angers,Jacques Ekomie,600000
Ligue 1,Angers,Carlens Arcus,700000
Ligue 1,Angers,Yassin Belkhdim,100000
Ligue 1,Angers,Melvin Zinga,300000
Ligue 1,Angers,Louis Mouton,500000
Ligue 1,Angers,Yacine Gaya,50000
Ligue 1,Angers,Jordan Lefort,900000
Ligue 1,Angers,Jim Allevinah,2000000
Ligue 1,Brest,Ludovic Ajorque,3000000
Ligue 1,Brest,Axel Camblan,500000
Ligue 1,Brest,Joris Chotard,10000000
Ligue 1,Brest,Romain Del Castillo,10000000
Ligue 1,Brest,Soumaila Coulibaly,7000000
Ligue 1,Brest,Grégoire Coudert,400000
Ligue 1,Brest,Radoslaw Majecki,4000000
Ligue 1,Brest,Mama Baldé,3500000
Ligue 1,Brest,Hugo Magnetti,7000000
Ligue 1,Brest,Bradley Locko,12000000
Ligue 1,Brest,Justin Bourgault,600000
Ligue 1,Brest,Kenny Lala,1800000
Ligue 1,Brest,Kamory Doumbia,5000000
Ligue 1,Brest,Brendan Chardonnet,8000000
Ligue 1,Brest,Lucas Tousart,2000000
Ligue 1,Brest,Pathé Mboup,400000
Ligue 1,Le Havre AC,Timothee Pembélé,5000000
Ligue 1,Le Havre AC,Gautier Lloris,3000000
Ligue 1,Le Havre AC,Etienne Youte Kinkoue,7000000
Ligue 1,Le Havre AC,Yanis Zouaoui,1800000
Ligue 1,Le Havre AC,Fodé Doucouré,500000
Ligue 1,Le Havre AC,Mory Diaw,1800000
Ligue 1,Le Havre AC,Arouna Sangante,10000000
Ligue 1,Le Havre AC,Loïc Négo,600000
Ligue 1,Le Havre AC,Paul Argney,150000
Ligue 1,Lens,Souleymane Sagnan,400000
Ligue 1,Lens,Malang Sarr,10000000
Ligue 1,Lens,Jonathan Gradit,4500000
Ligue 1,Lens,Ruben Aguilar,3000000
Ligue 1,Lens,Mathieu Gorgelin,200000
Ligue 1,Lens,Nidal Celik,1000000
Ligue 1,Lens,Robin Risser,10000000
Ligue 1,Lens,Kyllian Antonio,250000
Ligue 1,Lens,Hervé Koffi,3000000
Ligue 1,Lens,Saud Abdulhamid,3000000
Ligue 1,Lens,Matthieu Udol,2500000
Ligue 1,Lens,Mamadou Sangare,600000
Ligue 1,Lens,Régis Gurtner,250000
Ligue 1,Lille,Younes Lachaab,50000
Ligue 1,Lille,Romain Perraud,5000000
Ligue 1,Lille,Chancel Mbemba,2500000
Ligue 1,Lille,Marc-Aurele Caillard,100000
Ligue 1,Lille,Berke Özer,10000000
Ligue 1,Lille,Alexsandro,8000000
Ligue 1,Lille,Nathan Ngoy,3500000
Ligue 1,Lille,Thomas Meunier,1800000
Ligue 1,Lille,Arnaud Bodart,6000000
Ligue 1,Lille,Aïssa Mandi,1800000
Ligue 1,Lille,Tiago Santos,12000000
Ligue 1,Lille,Calvin Verdonk,3000000
Ligue 1,Lorient,Benjamin Leroy,500000
Ligue 1,Lorient,Isaak Touré,2500000
Ligue 1,Lorient,Igor Silva,1000000
Ligue 1,Lorient,Montassar Talbi,7000000
Ligue 1,Lorient,Bamo Meïté,4000000
Ligue 1,Lorient,Bingourou Kamara,800000
Ligue 1,Lorient,Darlin Yongwa,1500000
Ligue 1,Lorient,Nathaniel Adjei,2500000
Ligue 1,Lorient,Panos Katseris,2500000
Ligue 1,Lorient,Yvon Mvogo,3000000
Ligue 1,Lyon,Rémy Descamps,2000000
Ligue 1,Lyon,Nicolás Tagliafico,8000000
Ligue 1,Lyon,Noham Kamara,1000000
Ligue 1,Lyon,Hans Hateboer,2000000
Ligue 1,Lyon,Dominik Greif,8000000
Ligue 1,Lyon,Orel Mangala,20000000
Ligue 1,Lyon,Moussa Niakhaté,16000000
Ligue 1,Lyon,Enzo Molébé,200000
Ligue 1,Lyon,Ruben Kluivert,500000
Ligue 1,Lyon,Abner,7000000
Ligue 1,Lyon,Corentin Tolisso,5000000
Ligue 1,Lyon,Clinton Mata,4000000
Ligue 1,Lyon,Ainsley Maitland-Niles,9000000
Ligue 1,Marseille,Jelle Van Neck,50000
Ligue 1,Marseille,Gerónimo Rulli,9000000
Ligue 1,Marseille,Jeffrey de Lange,2000000
Ligue 1,Marseille,Nayef Aguerd,22000000
Ligue 1,Marseille,Leonardo Balerdi,20000000
Ligue 1,Marseille,Benjamin Pavard,20000000
Ligue 1,Marseille,Facundo Medina,20000000
Ligue 1,Marseille,Théo Vermot,100000
Ligue 1,Marseille,CJ Egan-Riley,1500000
Ligue 1,Metz,Ousmane Ba,400000
Ligue 1,Metz,Bouna Sarr,1500000
Ligue 1,Metz,Maxime Colin,900000
Ligue 1,Metz,Koffi Kouao,1500000
Ligue 1,Metz,Sadibou Sané,800000
Ligue 1,Metz,Fodé Ballo-Touré,1000000
Ligue 1,Nantes,Kelvin Amian,2500000
Ligue 1,Nantes,Fabien Centonze,1200000
Ligue 1,Nantes,Chidozie Awaziem,3000000
Ligue 1,Nantes,Nicolas Cozza,3000000
Ligue 1,Nantes,Deiver Machado,4000000
Ligue 1,Nantes,Frédéric Guilbert,800000
Ligue 1,Nantes,Uros Radakovic,800000
Ligue 1,Nantes,Anthony Lopes,4000000
Ligue 1,Nice,Ali Abdi,2500000
Ligue 1,Nice,Sofiane Diop,10000000
Ligue 1,Nice,Melvin Bard,10000000
Ligue 1,Nice,Antoine Mendy,4000000
Ligue 1,Nice,Laurent Abergel,3000000
Ligue 1,Nice,Youssouf Ndayishimiye,8000000
Ligue 1,Nice,Maxime Dupé,800000
Ligue 1,Nice,Morgan Sanson,4000000
Ligue 1,Nice,Dante,500000
Ligue 1,Nice,Moïse Bombito,8000000
Ligue 1,Nice,Yehvann Diouf,8000000
Ligue 1,Nice,Hicham Boudaoui,12000000
Ligue 1,Nice,Jonathan Clauss,4500000
Ligue 1,Nice,Tanguy Ndombele,3000000
Ligue 1,Nice,Terem Moffi,25000000
Ligue 1,Paris FC,Maxime López,7500000
Ligue 1,Paris FC,Thibault De Smet,4000000
Ligue 1,Paris FC,Kevin Trapp,2000000
Ligue 1,Paris FC,Sofiane Alakouch,500000
Ligue 1,Paris FC,Pierre Lees-Melou,10000000
Ligue 1,Paris FC,Timothée Kolodziejczak,400000
Ligue 1,Paris FC,Hamari Traoré,6000000
Ligue 1,Paris FC,Ilan Kebbal,2000000
Ligue 1,Paris FC,Otavio,10000000
Ligue 1,Paris FC,Rémy Riou,250000
Ligue 1,Paris FC,Moustapha Mbow,600000
Ligue 1,Paris FC,Vincent Marchetti,2000000
Ligue 1,Paris FC,Diego Coppola,10000000
Ligue 1,Paris FC,Nhoa Sangui,5000000
Ligue 1,Paris Saint-Germain,Vitinha ,110000000
Ligue 1,Paris Saint-Germain,Marquinhos ,30000000
Ligue 1,Paris Saint-Germain,Fabián Ruiz,40000000
Ligue 1,Paris Saint-Germain,Achraf Hakimi,80000000
Ligue 1,Paris Saint-Germain,Nuno Mendes,75000000
Ligue 1,Paris Saint-Germain,Willian Pacho,70000000
Ligue 1,Paris Saint-Germain,Lucas Chevalier,25000000
Ligue 1,Paris Saint-Germain,Lucas Beraldo,20000000
Ligue 1,Paris Saint-Germain,Renato Marin,500000
Ligue 1,Paris Saint-Germain,Lucas Hernández,20000000
Ligue 1,Stade Rennais,Sebastian Szymanski,19000000
Ligue 1,Stade Rennais,Alidu Seidu,6000000
Ligue 1,Stade Rennais,Nicolas Lemaitre,700000
Ligue 1,Stade Rennais,Jordan James,8000000
Ligue 1,Stade Rennais,Mahdi Camara,10000000
Ligue 1,Stade Rennais,Hans Hateboer,2000000
Ligue 1,Stade Rennais,Anthony Rouault,9000000
Ligue 1,Stade Rennais,Lilian Brassier,10000000
Ligue 1,Stade Rennais,Jérémy Jacquet,20000000
Ligue 1,Stade Rennais,Mahamadou Nagida,1500000
Ligue 1,Stade Rennais,Quentin Merlin,12000000
Ligue 1,Stade Rennais,Seko Fofana,8000000
Ligue 1,Stade Rennais,Adrien Thomasson,4500000
Ligue 1,Stade Rennais,Abdelhamid Aït Boudlal,10000000
Ligue 1,Stade Rennais,Glen Kamara,2500000
Ligue 1,Stade Rennais,Valentin Rongier,9000000
Ligue 1,Stade Rennais,Przemyslaw Frankowski,7000000
Ligue 1,Stade Rennais,Brice Samba,10000000
Ligue 1,Strasbourg,Emmanuel Emegha,28000000
Ligue 1,Strasbourg,Diego Moreira,18000000
Ligue 1,Strasbourg,Stefan Bajic,1200000
Ligue 1,Strasbourg,Mike Penders,1000000
Ligue 1,Strasbourg,Samir El Mourabet,8000000
Ligue 1,Strasbourg,Karl-Johan Johnsson,250000
Ligue 1,Strasbourg,Valentín Barco,13000000
Ligue 1,Strasbourg,Guela Doué,18000000
Ligue 1,Strasbourg,Ben Chilwell,12000000
Ligue 1,Strasbourg,Julio Enciso,20000000
Ligue 1,Strasbourg,Ismael Doukoure,18000000
Ligue 1,Strasbourg,Martial Godo,7000000
Ligue 1,Strasbourg,Sebastian Nanasi,15000000
Ligue 1,Strasbourg,Samuel Amo-Ameyaw,8000000
Ligue 1,Strasbourg,Abdoul Ouattara,9000000
Ligue 1,Strasbourg,Junior Mwanga,7000000
Ligue 1,Strasbourg,Andrew Omobamidele,7000000
Ligue 1,Toulouse,Djibril Sidibé,1500000
Ligue 1,Toulouse,Cristian Cásseres Jr.,7000000
Ligue 1,Toulouse,Mathys Niflore,1000000
Ligue 1,Toulouse,Niklas Schmidt,1500000
Ligue 1,Toulouse,Mark McKenzie,6000000
Ligue 1,Toulouse,Rasmus Nicolaisen,5000000
Ligue 1,Toulouse,Dayann Methalie,8000000
Ligue 1,Toulouse,Ylies Aradj,300000
Ligue 1,Toulouse,Noah Lahmadi,50000
Ligue 1,Toulouse,Guillaume Restes,20000000
Ligue 1,Toulouse,Kjetil Haug,500000
Ligue 1,Toulouse,Charlie Cresswell,15000000
Eredivisie,AZ Alkmaar,Jeroen Zoet,400000
Eredivisie,AZ Alkmaar,Hobie Verhulst,400000
Eredivisie,AZ Alkmaar,Daniel Deen,150000
Eredivisie,AZ Alkmaar,Rome-Jayden Owusu-Oduro,900000
Eredivisie,AZ Alkmaar,Mees De Wit,2500000
Eredivisie,AZ Alkmaar,Denso Kasius,6000000
Eredivisie,AZ Alkmaar,Alexandre Penetra,9000000
Eredivisie,AZ Alkmaar,Maxim Dekker,800000
Eredivisie,AZ Alkmaar,Wouter Goes,5000000
Eredivisie,AZ Alkmaar,Seiya Maikuma,3000000
Eredivisie,AZ Alkmaar,Billy Van Duijl,100000
Eredivisie,AZ Alkmaar,Jari De Busser,3000000
Eredivisie,AZ Alkmaar,Lewis Schouten,600000
Eredivisie,AZ Alkmaar,Elijah Dijkstra,1200000
Eredivisie,AZ Alkmaar,Jordy Clasie,2500000
Eredivisie,Ajax Amsterdam,Maarten Paes,1200000
Eredivisie,Ajax Amsterdam,Vitezslav Jaros,5000000
Eredivisie,Ajax Amsterdam,Paul Reverson,350000
Eredivisie,Ajax Amsterdam,Oleksandr Zinchenko,15000000
Eredivisie,Ajax Amsterdam,Takehiro Tomiyasu,12000000
Eredivisie,Ajax Amsterdam,Owen Wijndal,4000000
Eredivisie,Ajax Amsterdam,Josip Sutalo,17000000
Eredivisie,Ajax Amsterdam,Youri Baas,16000000
Eredivisie,Ajax Amsterdam,Anton Gaaei,5000000
Eredivisie,Ajax Amsterdam,Lucas Rosa,4000000
Eredivisie,Excelsior,Stijn van Gassel,800000
Eredivisie,Excelsior,Calvin Raatsie,400000
Eredivisie,Excelsior,Ilias Bronkhorst,225000
Eredivisie,Excelsior,Arthur Zagre,1300000
Eredivisie,Excelsior,Simon Janssen,450000
Eredivisie,Excelsior,Hamdi Akujobi,500000
Eredivisie,Excelsior,Casper Widell,700000
Eredivisie,Excelsior,Rick Meissen,700000
Eredivisie,Excelsior,Lewis Schouten,600000
Eredivisie,Excelsior,Mathijs Tielemans,800000
Eredivisie,Excelsior,Lennard Hartjes,500000
Eredivisie,Excelsior,Noah Naujoks,450000
Eredivisie,FC Groningen,Hidde Jurjus,250000
Eredivisie,FC Groningen,Etienne Vaessen,2500000
Eredivisie,FC Groningen,Dirk Baron,25000
Eredivisie,FC Groningen,Lovro Štubljar,300000
Eredivisie,FC Groningen,Marvin Peersman,500000
Eredivisie,FC Groningen,Marco Rente,1000000
Eredivisie,FC Groningen,Thijmen Blokzijl,3500000
Eredivisie,FC Groningen,Dies Janse,3500000
Eredivisie,FC Groningen,Wouter Prins,600000
Eredivisie,FC Groningen,Sven Bouland,150000
Eredivisie,FC Groningen,Rijk Janse,25000
Eredivisie,FC Groningen,Pelle Clement,650000
Eredivisie,FC Groningen,Stije Resink,7000000
Eredivisie,FC Groningen,Tika De Jonge,1300000
Eredivisie,FC Groningen,Jorg Schreuders,1500000
Eredivisie,FC Groningen,Tygo Land,1500000
Eredivisie,FC Groningen,David Van Der Werff,900000
Eredivisie,FC Twente,Przemyslaw Tyton,75000
Eredivisie,FC Twente,Lars Unnerstall,1500000
Eredivisie,FC Twente,Issam El Maach,150000
Eredivisie,FC Twente,Sam Karssies,75000
Eredivisie,FC Twente,Yannick Gerritsen,50000
Eredivisie,FC Twente,Robin Pröpper,3000000
Eredivisie,FC Twente,Bart van Rooij,7000000
Eredivisie,FC Twente,Mees Hilgers,4000000
Eredivisie,FC Twente,Max Bruns,2500000
Eredivisie,FC Twente,Stav Lemkin,1000000
Eredivisie,FC Twente,Mats Rots,5000000
Eredivisie,FC Twente,Remko Pasveer,150000
Eredivisie,FC Twente,Aske Adelgaard,700000
Eredivisie,FC Twente,Arno Verschueren,1000000
Eredivisie,FC Twente,Thomas van den Belt,1800000
Eredivisie,FC Twente,Ramiz Zerrouki,9000000
Eredivisie,FC Twente,Mathias Kjølø,5000000
Eredivisie,FC Twente,Kristian Hlynsson,7000000
Eredivisie,FC Twente,Daouda Weidmann,1000000
Eredivisie,FC Utrecht,Michael Brouwer,300000
Eredivisie,FC Utrecht,Vasilios Barkas,3500000
Eredivisie,FC Utrecht,Kevin Gadellaa,250000
Eredivisie,FC Utrecht,Nick Viergever,350000
Eredivisie,FC Utrecht,Mike van der Hoorn,800000
Eredivisie,FC Utrecht,Siebe Horemans,4500000
Eredivisie,FC Utrecht,Mike Eerdhuijzen,1700000
Eredivisie,FC Utrecht,Souffian El Karouani,15000000
Eredivisie,FC Utrecht,Matisse Didden,2000000
Eredivisie,FC Utrecht,Niklas Vesterlund,800000
Eredivisie,FC Utrecht,Noah Ohio,1000000
Eredivisie,FC Utrecht,Miliano Jonathans,900000
Eredivisie,FC Volendam,Kayne Van Oevelen,50000
Eredivisie,FC Volendam,Aaron Meijers,75000
Eredivisie,FC Volendam,Mawouna Amevor,350000
Eredivisie,FC Volendam,Yannick Leliendal,500000
Eredivisie,FC Volendam,Deron Payne,275000
Eredivisie,FC Volendam,Silvinho Esajas,150000
Eredivisie,FC Volendam,Nick Verschuren,700000
Eredivisie,FC Volendam,Precious Ugwu,400000
Eredivisie,Feyenoord Rotterdam,Timon Wellenreuther,7000000
Eredivisie,Feyenoord Rotterdam,Liam Bossin,400000
Eredivisie,Feyenoord Rotterdam,Steven Benda,1000000
Eredivisie,Feyenoord Rotterdam,Gernot Trauner,2000000
Eredivisie,Feyenoord Rotterdam,Bart Nieuwkoop,2000000
Eredivisie,Feyenoord Rotterdam,Mats Deijl,2000000
Eredivisie,Feyenoord Rotterdam,Jordan Lotomba,5000000
Eredivisie,Feyenoord Rotterdam,Gijs Smal,6000000
Eredivisie,Feyenoord Rotterdam,Anel Ahmedhodzic,18000000
Eredivisie,Feyenoord Rotterdam,Tsuyoshi Watanabe,10000000
Eredivisie,Feyenoord Rotterdam,Neraysho Kasanwirjo,1800000
Eredivisie,Feyenoord Rotterdam,Thomas Beelen,7000000
Eredivisie,Feyenoord Rotterdam,Jordan Bos,5000000
Eredivisie,Feyenoord Rotterdam,Givairo Read,25000000
Eredivisie,Fortuna Sittard,Nick Marsman,300000
Eredivisie,Fortuna Sittard,Luuk Koopmans,150000
Eredivisie,Fortuna Sittard,Mattijs Branderhorst,850000
Eredivisie,Fortuna Sittard,Niels Martens,25000
Eredivisie,Fortuna Sittard,Ramazan Bayram,25000
Eredivisie,Fortuna Sittard,Ivo Pinto,250000
Eredivisie,Fortuna Sittard,Daley Sinkgraven,400000
Eredivisie,Fortuna Sittard,Iván Márquez,550000
Eredivisie,Fortuna Sittard,Shawn Adewoye,1300000
Eredivisie,Fortuna Sittard,Neraysho Kasanwirjo,1800000
Eredivisie,Fortuna Sittard,Syb van Ottele,800000
Eredivisie,Fortuna Sittard,Jasper Dahlhaus,1300000
Eredivisie,Fortuna Sittard,Justin Hubner,350000
Eredivisie,Fortuna Sittard,Alen Halilovic,800000
Eredivisie,Fortuna Sittard,Mohamed Ihattaren,300000
Eredivisie,Fortuna Sittard,Yassin Oukili,800000
Eredivisie,Fortuna Sittard,Edouard Michut,2500000
Eredivisie,Go Ahead Eagles,Jari De Busser,3000000
Eredivisie,Go Ahead Eagles,Luca Plogmann,400000
Eredivisie,Go Ahead Eagles,Sven Jansen,50000
Eredivisie,Go Ahead Eagles,Nando Verdoni,25000
Eredivisie,Go Ahead Eagles,Gerrit Nauber,350000
Eredivisie,Go Ahead Eagles,Joris Kramer,1800000
Eredivisie,Go Ahead Eagles,Alfons Sampsted,1500000
Eredivisie,Go Ahead Eagles,Dean James,2000000
Eredivisie,Go Ahead Eagles,Julius Dirksen,350000
Eredivisie,Go Ahead Eagles,Giovanni van Zwam,100000
Eredivisie,Go Ahead Eagles,Pim Saathof,75000
Eredivisie,Go Ahead Eagles,Aske Adelgaard,700000
Eredivisie,Go Ahead Eagles,Nick Marsman,300000
Eredivisie,Go Ahead Eagles,Melle Meulensteen,900000
Eredivisie,Go Ahead Eagles,Evert Linthorst,1500000
Eredivisie,Go Ahead Eagles,Jakob Breum,4500000
Eredivisie,Go Ahead Eagles,Calvin Twigt,750000
Eredivisie,Go Ahead Eagles,Robbin Weijenberg,250000
Eredivisie,Heerenveen,Andries Noppert,500000
Eredivisie,Heerenveen,Jan Bekkema,50000
Eredivisie,Heerenveen,Nordin Bakker,400000
Eredivisie,Heerenveen,Bernt Klaverboer,1000000
Eredivisie,Heerenveen,Sam Kersten,1500000
Eredivisie,Heerenveen,Vasilios Zagaritis,2000000
Eredivisie,Heerenveen,Hristiyan Petrov,500000
Eredivisie,Heerenveen,Nikolai Hopland,2000000
Eredivisie,Heerenveen,Oliver Braude,4500000
Eredivisie,Heerenveen,Mats Egbring,75000
Eredivisie,Heerenveen,Luuk Brouwers,2000000
Eredivisie,Heerenveen,Ringo Meerveld,4000000
Eredivisie,Heerenveen,Maxence Rivera,350000
Eredivisie,Heerenveen,Marcus Linday,3500000
Eredivisie,Heracles Almelo,Remko Pasveer,150000
Eredivisie,Heracles Almelo,Fabian De Keijzer,700000
Eredivisie,Heracles Almelo,Robin Mantel,50000
Eredivisie,Heracles Almelo,Timo Jansink,300000
Eredivisie,Heracles Almelo,Mike te Wierik,400000
Eredivisie,Heracles Almelo,Damon Mirani,650000
Eredivisie,Heracles Almelo,Djevencio van der Kust,1200000
Eredivisie,Heracles Almelo,Alec Van Hoorenbeeck,800000
Eredivisie,Heracles Almelo,Ivan Mesik,900000
Eredivisie,Heracles Almelo,Jannes Wieckhoff,500000
Eredivisie,Heracles Almelo,Sava-Arangel Cestic,200000
Eredivisie,NAC Breda,Kostas Lamprou,300000
Eredivisie,NAC Breda,Roy Kortsmit,150000
Eredivisie,NAC Breda,Daniel Bielica,1000000
Eredivisie,NAC Breda,Denis Odoi,200000
Eredivisie,NAC Breda,Enes Mahmutovic,400000
Eredivisie,NAC Breda,Boy Kemper,500000
Eredivisie,NAC Breda,Boyd Lucassen,550000
Eredivisie,NAC Breda,Leo Greiml,1200000
Eredivisie,NEC Nijmegen,Jasper Cillessen,1300000
Eredivisie,NEC Nijmegen,Rijk Janse,25000
Eredivisie,NEC Nijmegen,Bram Nuytinck,250000
Eredivisie,NEC Nijmegen,Jetro Willems,400000
Eredivisie,NEC Nijmegen,Eli Dasa,800000
Eredivisie,NEC Nijmegen,Thomas Ouwejan,900000
Eredivisie,NEC Nijmegen,Philippe Sandler,3000000
Eredivisie,NEC Nijmegen,Ahmetcan Kaplan,5000000
Eredivisie,NEC Nijmegen,Brayann Pereira,700000
Eredivisie,NEC Nijmegen,Tjaronn Chery,400000
Eredivisie,NEC Nijmegen,Jamiro Monteiro,750000
Eredivisie,NEC Nijmegen,Willum Thór Willumsson,3000000
Eredivisie,NEC Nijmegen,Dirk Proper,2300000
Eredivisie,PEC Zwolle,Jasper Schendelaar,2000000
Eredivisie,PEC Zwolle,Duke Verduin,25000
Eredivisie,PEC Zwolle,Tom De Graaff,600000
Eredivisie,PEC Zwolle,Sherel Floranus,800000
Eredivisie,PEC Zwolle,Simon Graves,800000
Eredivisie,PEC Zwolle,Tijs Velthuis,800000
Eredivisie,PEC Zwolle,Anselmo Garcia MacNulty,1000000
Eredivisie,PEC Zwolle,Olivier Aertssen,750000
Eredivisie,PEC Zwolle,Damian Van Der Haar,200000
Eredivisie,PEC Zwolle,Tristan Gooijer,2000000
Eredivisie,PEC Zwolle,Nick Viergever,350000
Eredivisie,PEC Zwolle,Ryan Thomas,900000
Eredivisie,PEC Zwolle,Odysseus Velanas,500000
Eredivisie,PEC Zwolle,Thijs Oosting,700000
Eredivisie,PEC Zwolle,Nick Fichtinger,350000
Eredivisie,PSV Eindhoven,Nick Olij,3000000
Eredivisie,PSV Eindhoven,Matej Kovár,7000000
Eredivisie,PSV Eindhoven,Niek Schiks,300000
Eredivisie,PSV Eindhoven,Tijn Smolenaars,100000
Eredivisie,PSV Eindhoven,Armando Obispo,3000000
Eredivisie,PSV Eindhoven,Mauro Júnior,17000000
Eredivisie,PSV Eindhoven,Sergiño Dest,18000000
Eredivisie,PSV Eindhoven,Anass Salah-Eddine,12000000
Eredivisie,PSV Eindhoven,Kiliann Sildillia,15000000
Eredivisie,PSV Eindhoven,Ryan Flamingo,17000000
Eredivisie,PSV Eindhoven,Yarek Gasiorowski,16000000
Eredivisie,PSV Eindhoven,Wessel Kuhn,500000
Eredivisie,PSV Eindhoven,Joel Drommel,2000000
Eredivisie,PSV Eindhoven,Adamo Nagalo,3000000
Eredivisie,PSV Eindhoven,Jerdy Schouten,22000000
Eredivisie,PSV Eindhoven,Joey Veerman,27000000
Eredivisie,PSV Eindhoven,Guus Til,15000000
Eredivisie,PSV Eindhoven,Paul Wanner,14000000
Eredivisie,Sparta Rotterdam,Filip Bednarek,700000
Eredivisie,Sparta Rotterdam,Joel Drommel,2000000
Eredivisie,Sparta Rotterdam,Pascal Kuiper,75000
Eredivisie,Sparta Rotterdam,Patrick van Aanholt,400000
Eredivisie,Sparta Rotterdam,Bruno Martins Indi,1000000
Eredivisie,Sparta Rotterdam,Saïd Bakari,800000
Eredivisie,Sparta Rotterdam,Teo Quintero,800000
Eredivisie,Sparta Rotterdam,Shurandy Sambo,2000000
Eredivisie,Sparta Rotterdam,Max De Ligt,75000
Eredivisie,Sparta Rotterdam,Marvin Young,4000000
Eredivisie,Sparta Rotterdam,Joel Ideho,400000
Eredivisie,Sparta Rotterdam,Casper Terho,1500000
Eredivisie,Sparta Rotterdam,Youri Schoonderwaldt,300000
Eredivisie,Sparta Rotterdam,Boyd Reith,350000
Eredivisie,Sparta Rotterdam,Nick Verschuren,700000
Eredivisie,Sparta Rotterdam,Jens Toornstra,300000
Eredivisie,Sparta Rotterdam,Julian Baas,1300000
Eredivisie,Telstar,Daan Reiziger,150000
Eredivisie,Telstar,Dion Malone,350000
Eredivisie,Telstar,Danny Bakker,450000
Eredivisie,Telstar,Jeff Hardeveld,300000
Eredivisie,Telstar,Marvin Peersman,500000
Eredivisie,Telstar,Gerald Alders,700000
Eredivisie,Telstar,Nils Rossen,75000
Eredivisie,Telstar,Isaiah Ahmed,125000
Primeira Liga,AVS,Cristian Devenish,700000
Primeira Liga,AVS,Rúben Semedo,3000000
Primeira Liga,AVS,Guillem Molina,300000
Primeira Liga,Alverca,André Paulo,100000
Primeira Liga,Alverca,Jhonatan,200000
Primeira Liga,Alverca,Sergi Gómez,2000000
Primeira Liga,Alverca,Steven Baseya,50000
Primeira Liga,Alverca,Bastien Meupiyou,4000000
Primeira Liga,Alverca,Diogo Spencer,750000
Primeira Liga,Alverca,Sabit Abdulai,200000
Primeira Liga,Alverca,André Gomes,2500000
Primeira Liga,Arouca,Ignacio De Arruabarrena,2000000
Primeira Liga,Arouca,Jakub Vinarcik,300000
Primeira Liga,Arouca,Javi Sánchez,2500000
Primeira Liga,Arouca,Tiago Esgaio,900000
Primeira Liga,Arouca,José Fontán,1000000
Primeira Liga,Arouca,Boris Popovic,1200000
Primeira Liga,Arouca,Diogo Monteiro,500000
Primeira Liga,Arouca,Matías Rocha,400000
Primeira Liga,Arouca,Pablo Gozálbez,500000
Primeira Liga,Arouca,Taichi Fukui,2000000
Primeira Liga,Arouca,Pedro Santos,800000
Primeira Liga,Arouca,Espen Van Ee,1000000
Primeira Liga,Arouca,Brian Mansilla,1000000
Primeira Liga,Arouca,Näis Djouahra,900000
Primeira Liga,Arouca,Alfonso Trezza,1000000
Primeira Liga,Arouca,Miguel Puche,400000
Primeira Liga,Arouca,João Valido,500000
Primeira Liga,Arouca,Bas Kuipers,800000
Primeira Liga,Arouca,Amadou Dante,1500000
Primeira Liga,Benfica,Anatoliy Trubin,28000000
Primeira Liga,Benfica,Samuel Soares,4000000
Primeira Liga,Benfica,Alexander Bah,9000000
Primeira Liga,Benfica,Joshua Wynder,1500000
Primeira Liga,Benfica,Samuel Dahl,9000000
Primeira Liga,Benfica,Tomás Araújo,28000000
Primeira Liga,Benfica,António Silva,30000000
Primeira Liga,Benfica,João Fonseca,600000
Primeira Liga,Benfica,Fredrik Aursnes,17000000
Primeira Liga,Benfica,Leandro Barreiro,15000000
Primeira Liga,Braga,Tiago Sá,800000
Primeira Liga,Braga,Lukás Hornícek,10000000
Primeira Liga,Braga,João Carvalho,3000000
Primeira Liga,Braga,Paulo Oliveira,1500000
Primeira Liga,Braga,Sikou Niakate,6000000
Primeira Liga,Braga,Víctor Gómez,7000000
Primeira Liga,Braga,Bright Arrey-Mbi,7000000
Primeira Liga,Braga,Gustaf Lagerbielke,5000000
Primeira Liga,Braga,Leonardo Lelo,8000000
Primeira Liga,Braga,Diogo Travassos,2500000
Primeira Liga,C.D. Nacional,João Gonçalves,600000
Primeira Liga,C.D. Nacional,Ivanildo Fernandes,200000
Primeira Liga,C.D. Nacional,Ulisses,1000000
Primeira Liga,C.D. Nacional,José Gomes,1000000
Primeira Liga,C.D. Nacional,Filipe Soares,700000
Primeira Liga,C.D. Nacional,Matheus Dias,1500000
Primeira Liga,C.D. Nacional,Miguel Baeza,700000
Primeira Liga,C.D. Nacional,Chiheb Labidi,500000
Primeira Liga,C.D. Nacional,Joel Silva,400000
Primeira Liga,C.D. Nacional,Lucas França,600000
Primeira Liga,C.D. Nacional,João Aurélio,50000
Primeira Liga,C.D. Nacional,Lenny Vallier,600000
Primeira Liga,C.D. Nacional,André Sousa,50000
Primeira Liga,C.D. Nacional,Jota,75000
Primeira Liga,Casa Pia,Ricardo Batista,100000
Primeira Liga,Casa Pia,Patrick Sequeira,3500000
Primeira Liga,Casa Pia,André Gomes,2500000
Primeira Liga,Casa Pia,Daniel Azevedo,100000
Primeira Liga,Casa Pia,André Geraldes,200000
Primeira Liga,Casa Pia,Abdu Conté,1500000
Primeira Liga,Casa Pia,Kaique Rocha,1000000
Primeira Liga,Casa Pia,Joao Goulart,1000000
Primeira Liga,Casa Pia,Kaly,250000
Primeira Liga,Casa Pia,Raúl Blanco,300000
Primeira Liga,Casa Pia,Lawrence Ofori,2000000
Primeira Liga,Casa Pia,David Sousa,500000
Primeira Liga,Casa Pia,Cassiano,150000
Primeira Liga,Casa Pia,Rochinha,600000
Primeira Liga,Casa Pia,Jeremy Livolant,2000000
Primeira Liga,Casa Pia,Rodrigo Moura,300000
Primeira Liga,Casa Pia,José Fonte,100000
Primeira Liga,Casa Pia,Gaizka Larrazabal,2000000
Primeira Liga,Estoril,Joel Robles,400000
Primeira Liga,Estoril,Martin Turk,400000
Primeira Liga,Estoril,Diogo Dias,200000
Primeira Liga,Estoril,Ferro,600000
Primeira Liga,Estoril,Ricard Sánchez,2500000
Primeira Liga,Estoril,Antef Tsoungui,250000
Primeira Liga,Estoril,Felix Bacher,2000000
Primeira Liga,Estoril,Goncalo Costa,400000
Primeira Liga,Estoril,Pedro Carvalho,500000
Primeira Liga,Estoril,João Carvalho,3000000
Primeira Liga,Estoril,Jordan Holsgrove,3500000
Primeira Liga,Estoril,Rafik Guitane,3500000
Primeira Liga,Estoril,Xeka,1000000
Primeira Liga,Estoril,Jandro Orellana,1000000
Primeira Liga,Estoril,Tiago Brito,200000
Primeira Liga,Estoril,Pedro Amaral,1000000
Primeira Liga,Estoril,Kévin Boma,4000000
Primeira Liga,Estrela,Renan Ribeiro,250000
Primeira Liga,Estrela,Bruno Langa,1500000
Primeira Liga,Estrela,Jefferson Encada,300000
Primeira Liga,Estrela,Yahya Kalley,300000
Primeira Liga,Estrela,Issiar Dramé,400000
Primeira Liga,Estrela,Stefan Lekovic,2500000
Primeira Liga,Estrela,Max Scholze,700000
Primeira Liga,FC Famalicao,Ivan Zlobin,300000
Primeira Liga,FC Famalicao,Lazar Carevic,1200000
Primeira Liga,FC Famalicao,Gustavo,900000
Primeira Liga,FC Famalicao,Marcos Peña,1000000
Primeira Liga,FC Famalicao,Gustavo Sá,8000000
Primeira Liga,FC Famalicao,Paulo Moreira,800000
Primeira Liga,FC Famalicao,Rodrigo Ribeiro,2500000
Primeira Liga,FC Famalicao,Justin de Haas,4000000
Primeira Liga,FC Porto,Gabriel Veron,7000000
Primeira Liga,FC Porto,Joao Costa,800000
Primeira Liga,FC Porto,Cláudio Ramos,1000000
Primeira Liga,FC Porto,Diogo Costa,40000000
Primeira Liga,FC Porto,Diogo Fernandes,800000
Primeira Liga,FC Porto,Jan Bednarek,11000000
Primeira Liga,FC Porto,Nehuén Pérez,13000000
Primeira Liga,FC Porto,Zaidu Sanusi,3000000
Primeira Liga,FC Porto,Martim Fernandes,12000000
Primeira Liga,FC Porto,Stephen Eustáquio,11000000
Primeira Liga,FC Porto,Gabri Veiga,23000000
Primeira Liga,FC Porto,Gonçalo Ribeiro,1500000
Primeira Liga,Gil Vicente,Ricardo Esgaio,800000
Primeira Liga,Gil Vicente,Ghislain Konan,6500000
Primeira Liga,Gil Vicente,Weverson,1500000
Primeira Liga,Gil Vicente,Marvin Elimbi,2500000
Primeira Liga,Gil Vicente,Antonio Espigares,500000
Primeira Liga,Gil Vicente,Jonathan Mutombo,400000
Primeira Liga,Gil Vicente,Arthur Tchaptchet,50000
Primeira Liga,Gil Vicente,Facundo Cáseres,2000000
Primeira Liga,Gil Vicente,Zé Carlos,1500000
Primeira Liga,Gil Vicente,Diogo Pereira,100000
Primeira Liga,Gil Vicente,Zé Carlos,1500000
Primeira Liga,Moreirense,Joel Jorquera,200000
Primeira Liga,Moreirense,André Ferreira,600000
Primeira Liga,Moreirense,Dinis Pinto,3000000
Primeira Liga,Moreirense,Gilberto Batista,400000
Primeira Liga,Moreirense,Leandro Santos,1000000
Primeira Liga,Moreirense,Guilherme Liberato,300000
Primeira Liga,Moreirense,Nile John,400000
Primeira Liga,Moreirense,Rodri Alonso,300000
Primeira Liga,Moreirense,Jimi Gower,100000
Primeira Liga,Moreirense,Miguel Rebelo,200000
Primeira Liga,Moreirense,Mika,100000
Primeira Liga,Moreirense,Caio Secco,100000
Primeira Liga,Moreirense,Michel,800000
Primeira Liga,Moreirense,Diogo Travassos,2500000
Primeira Liga,Rio Ave,Tim,150000
Primeira Liga,Rio Ave,Kevin Chamorro,300000
Primeira Liga,Rio Ave,Cezary Miszta,3000000
Primeira Liga,Rio Ave,Ennio van der Gouw,400000
Primeira Liga,Rio Ave,Jakub Brabec,600000
Primeira Liga,Rio Ave,Nelson Abbey,1000000
Primeira Liga,Rio Ave,Andreas Ntoi,4000000
Primeira Liga,Rio Ave,Francisco Petrasso,1500000
Primeira Liga,Rio Ave,Julien Lomboto,200000
Primeira Liga,Rio Ave,João Tomé,400000
Primeira Liga,Rio Ave,Georgios Liavas,600000
Primeira Liga,Rio Ave,Brandon Aguilera,2000000
Primeira Liga,Rio Ave,Georgios Okkas,100000
Primeira Liga,Rio Ave,Ole Pohlmann,1500000
Primeira Liga,Rio Ave,Tobias Medina,800000
Primeira Liga,Rio Ave,Tamás Nikitscher,500000
Primeira Liga,Rio Ave,Omar Richards,2000000
Primeira Liga,Rio Ave,Leonardo Buta,1500000
Primeira Liga,Rio Ave,Joao Graça,300000
Primeira Liga,Santa Clara,Lucas França,600000
Primeira Liga,Santa Clara,Pedro Pacheco,75000
Primeira Liga,Santa Clara,Frederico Venâncio,500000
Primeira Liga,Santa Clara,Lucas Soares,600000
Primeira Liga,Santa Clara,Diogo Calila,500000
Primeira Liga,Santa Clara,MT,4500000
Primeira Liga,Santa Clara,Pedro Ferreira,2000000
Primeira Liga,Santa Clara,Gabriel Batista,4000000
Primeira Liga,Santa Clara,Paulo Victor,1000000
Primeira Liga,Sporting CP,Rui Silva,8000000
Primeira Liga,Sporting CP,João Virgínia,1000000
Primeira Liga,Sporting CP,Diego Callai,1200000
Primeira Liga,Sporting CP,Francisco Silva,300000
Primeira Liga,Sporting CP,Nuno Santos,14000000
Primeira Liga,Sporting CP,Eduardo Quaresma,15000000
Primeira Liga,Sporting CP,Georgios Vagiannidis,11000000
Primeira Liga,Sporting CP,Gonçalo Inácio,45000000
Primeira Liga,Sporting CP,Zeno Debast,30000000
Primeira Liga,Sporting CP,Iván Fresneda,12000000
Primeira Liga,Sporting CP,Ousmane Diomande,45000000
Primeira Liga,Sporting CP,Giorgi Kochorashvili,600000
Primeira Liga,Sporting CP,Pedro Gonçalves,30000000
Primeira Liga,Sporting CP,Maxi Araújo,22000000
Primeira Liga,Sporting CP,Rodrigo Zalazar,20000000
Primeira Liga,Sporting CP,Daniel Bragança,10000000
Primeira Liga,Sporting CP,Geny Catamo,15000000
Primeira Liga,Sporting CP,Rômulo,450000
Primeira Liga,Tondela,Gabriel Souza,75000
Primeira Liga,Tondela,Lucas Cañizares,400000
Primeira Liga,Tondela,Bebeto,150000
Primeira Liga,Tondela,João Afonso,100000
Primeira Liga,Tondela,Christian Marques,300000
Primeira Liga,Tondela,Remy Vita,500000
Primeira Liga,Tondela,João Silva,1500000
Primeira Liga,Tondela,Rodrigo Conceição,1000000
Primeira Liga,Tondela,Tiago Manso,600000
Primeira Liga,Vitoria de Guimaraes,Dieu-Merci Michel,300000
Primeira Liga,Vitoria de Guimaraes,Charles,300000
Primeira Liga,Vitoria de Guimaraes,Rodrigo Abascal,600000
Primeira Liga,Vitoria de Guimaraes,Orest Lebedenko,400000
Primeira Liga,Vitoria de Guimaraes,João Mendes,1000000
Primeira Liga,Vitoria de Guimaraes,Miguel Nóbrega,400000
Primeira Liga,Vitoria de Guimaraes,Tony Strata,50000
Primeira Liga,Vitoria de Guimaraes,Samu,1500000
Primeira Liga,Vitoria de Guimaraes,Telmo Arcanjo,3000000
Primeira Liga,Vitoria de Guimaraes,Gonçalo Nogueira,250000
Primeira Liga,Vitoria de Guimaraes,André Oliveira,650000
MLS,Austin FC,Oleksandr Svatok,2000000
MLS,Austin FC,Mikkel Desler,3000000
MLS,Austin FC,Jon Gallagher,2000000
MLS,Austin FC,Brendan Hines-Ike,700000
MLS,Austin FC,Besard Sabovic,500000
MLS,Charlotte FC,Tim Ream,800000
MLS,Charlotte FC,Harry Toffolo,2000000
MLS,Charlotte FC,David Schnegg,1800000
MLS,Charlotte FC,Ashley Westwood,850000
MLS,Charlotte FC,Luca de la Torre,3000000
MLS,Charlotte FC,Pep Biel,3000000
MLS,Charlotte FC,Djibril Diani,500000
MLS,Charlotte FC,Liel Abada,7000000
MLS,CF Montréal,Sébastian Breza,600000
MLS,Atlanta United FC,Stian Gregersen,2000000
MLS,Atlanta United FC,Ronald Hernández,450000
MLS,Atlanta United FC,Enea Mihaj,4000000
MLS,Atlanta United FC,Pedro Amador,700000
MLS,Atlanta United FC,Steven Alzate,4000000
MLS,Atlanta United FC,Tristan Muyumba,1000000
MLS,Atlanta United FC,Juan Berrocal,1500000
MLS,Colorado Rapids,Zack Steffen,2000000
MLS,Colorado Rapids,Rob Holding,3000000
MLS,Colorado Rapids,Reggie Cannon,3000000
MLS,Colorado Rapids,Hamzat Ojediran,1000000
MLS,Colorado Rapids,Paxten Aaronson,7000000
MLS,Colorado Rapids,Ali Fadal,100000
MLS,Colorado Rapids,Andreas Maxsø,1200000
MLS,Colorado Rapids,Sam Vines,1500000
MLS,Colorado Rapids,Connor Ronan,1000000
MLS,Columbus Crew,Rudy Camacho,500000
MLS,Columbus Crew,Steven Moreira,1500000
MLS,Columbus Crew,Malte Amundsen,2500000
MLS,Columbus Crew,Dylan Chambost,700000
MLS,D.C. United,Silvan Hefti,2500000
MLS,D.C. United,Kye Rowles,1200000
MLS,D.C. United,Caden Clark,2000000
MLS,D.C. United,David Schnegg,1800000
MLS,FC Cincinnati,Fabian Mrozek,200000
MLS,FC Cincinnati,Matt Miazga,1800000
MLS,FC Cincinnati,Teenage Hadebe,2000000
MLS,FC Cincinnati,Evander,8000000
MLS,FC Cincinnati,Obinna Nwobodo,2500000
MLS,FC Cincinnati,Brad Smith,850000
MLS,FC Cincinnati,Lukas Engel,2200000
MLS,FC Dallas,Shaq Moore,1500000
MLS,FC Dallas,Osaze Urhoghide,600000
MLS,FC Dallas,Christian Cappis,600000
MLS,Houston Dynamo FC,Jonathan Bond,800000
MLS,Houston Dynamo FC,Erik Sviatchenko,1500000
MLS,Houston Dynamo FC,Sam Vines,1500000
MLS,Houston Dynamo FC,Diadie Samassekou,1000000
MLS,Houston Dynamo FC,Ondrej Lingr,3500000
MLS,Inter Miami CF,Sergio Reguilón,12000000
MLS,Inter Miami CF,Rodrigo De Paul,15000000
MLS,Inter Miami CF,Telasco Segovia,4500000
MLS,Inter Miami CF,Oscar Ustari,600000
MLS,Inter Miami CF,Jordi Alba,4000000
MLS,LA Galaxy,Brady Scott,125000
MLS,LA Galaxy,Maya Yoshida,500000
MLS,LA Galaxy,Marco Reus,5000000
MLS,LAFC,Hugo Lloris,1200000
MLS,LAFC,Sergi Palencia,2000000
MLS,LAFC,Ryan Porteous,2500000
MLS,LAFC,Artem Smolyakov,1800000
MLS,LAFC,Timothy Tillman,1500000
MLS,LAFC,Igor Jesus,3500000
MLS,LAFC,Tyler Boyd,600000
MLS,Minnesota United FC,Kyle Duncan,1500000
MLS,Minnesota United FC,Nectarios Triantis,2500000
MLS,Minnesota United FC,Joaquín Pereyra,4500000
MLS,Nashville SC,Brian Schwake,250000
MLS,Nashville SC,Andy Nájar,500000
MLS,Nashville SC,Maxwell Woledzi,400000
MLS,Nashville SC,Hany Mukhtar,12000000
MLS,Nashville SC,Bryan Acosta,1200000
MLS,New England Revolution,Matt Turner,7000000
MLS,New England Revolution,Mamadou Fofana,1800000
MLS,New England Revolution,Brayan Ceballos,1800000
MLS,New York City FC,Maxi Morález,200000
MLS,New York City FC,Aiden O'Neill,1500000
MLS,New York City FC,James Sands,2500000
MLS,New York City FC,Keaton Parks,4000000
MLS,New York City FC,Strahinja Tanasijevic,500000
MLS,Orlando City SC,Adrián Marín,1500000
MLS,Orlando City SC,Wilder Cartagena,2500000
MLS,Orlando City SC,Iván Angulo,1500000
MLS,Philadelphia Union,Alejandro Bedoya,250000
MLS,Philadelphia Union,Indiana Vassilev,1500000
MLS,Philadelphia Union,Danley Jean Jacques,2000000
MLS,Portland Timbers,Cole Bassett,2000000
MLS,Portland Timbers,David Da Costa,6000000
MLS,Portland Timbers,Dario Zuparic,1500000
MLS,Real Salt Lake,DeAndre Yedlin,2000000
MLS,Real Salt Lake,Alexandros Katranis,650000
MLS,Real Salt Lake,Lukas Engel,2200000
MLS,Real Salt Lake,Stijn Spierings,1200000
MLS,Real Salt Lake,Juan Manuel Sanabria,7000000
MLS,Real Salt Lake,Zach Booth,500000
MLS,Real Salt Lake,Brayan Vera,1000000
MLS,New York Red Bulls,Ethan Horvath,1800000
MLS,New York Red Bulls,Justin Che,700000
MLS,New York Red Bulls,Robert Voloder,1500000
MLS,New York Red Bulls,Emil Forsberg,5000000
MLS,New York Red Bulls,Cameron Harper,600000
MLS,New York Red Bulls,Kyle Duncan,1500000
MLS,San Diego FC,Duran Ferree,150000
MLS,San Diego FC,Jeppe Tverskov,600000
MLS,San Diego FC,Anders Dreyer,15000000
MLS,San Jose Earthquakes,Vítor Costa,500000
MLS,San Jose Earthquakes,Ronaldo Vieira,1500000
MLS,San Jose Earthquakes,Ian Harkes,450000
MLS,San Jose Earthquakes,Bruno Wilson,900000
MLS,Seattle Sounders FC,Albert Rusnák,2500000
MLS,Sporting Kansas City,Zorhan Bassong,250000
MLS,Sporting Kansas City,Manu García,3500000
MLS,Sporting Kansas City,Lasse Berg Johnsen,1800000
MLS,Sporting Kansas City,Tim Leibold,1000000
MLS,Sporting Kansas City,Logan Ndenbe,2000000
MLS,Sporting Kansas City,Robert Voloder,1500000
MLS,St. Louis City SC,Roman Bürki,2500000
MLS,St. Louis City SC,Timo Baumgartl,1800000
MLS,St. Louis City SC,Fallou Fall,100000
MLS,St. Louis City SC,Eduard Löwen,4500000
MLS,St. Louis City SC,Marcel Hartel,2800000
MLS,St. Louis City SC,Tomas Ostrak,1800000
MLS,Toronto FC,Matheus Pereira,2500000
MLS,Toronto FC,Zane Monlouis,400000
MLS,Toronto FC,Djordje Mihailovic,3000000
MLS,Vancouver Whitecaps,Sebastian Schonlau,2000000
MLS,Vancouver Whitecaps,Sam Adekugbe,1800000
MLS,Vancouver Whitecaps,Ryan Gauld,7000000
MLS,Vancouver Whitecaps,Andrés Cubas,4500000
MLS,Vancouver Whitecaps,Thomas Müller,5000000
MLS,Vancouver Whitecaps,Emmanuel Sabbi,2500000
MLS,Chicago Fire FC,Anton Saletros,1500000
MLS,Chicago Fire FC,Robin Lod,2500000
MLS,Chicago Fire FC,André Franco,2000000
